ts,open,high,low,close,volume
1787788800,2507.29,2507.3,2502.96,2504.39,39.39364518
1787788860,2504.11,2505.51,2503.05,2505.5,51.46933351
1787788920,2505.51,2506.16,2504.95,2505.0,37.19447286
1787788980,2505.29,2505.34,2501.7,2503.76,103.79323223
1787789040,2503.54,2503.69,2500.06,2500.2,99.07553928
1787789100,2500.2,2503.43,2500.05,2503.31,36.20336368
1787789160,2503.31,2503.31,2501.51,2502.99,92.98171944
1787789220,2503.11,2505.71,2502.25,2505.7,74.97621396
1787789280,2505.66,2509.36,2505.0,2508.72,105.52662078
1787789340,2508.72,2510.34,2508.43,2510.34,48.92301073
1787789400,2510.33,2510.69,2506.81,2506.81,112.74086782
1787789460,2506.8,2506.8,2503.49,2504.99,135.802049
1787789520,2505.02,2506.76,2503.13,2503.92,139.48668472
1787789580,2503.8,2504.04,2502.6,2502.6,63.48350362
1787789640,2502.51,2503.4,2502.31,2502.73,49.11710476
1787789700,2502.85,2503.19,2500.53,2501.09,50.81028691
1787789760,2501.08,2502.3,2500.65,2501.01,170.50023712
1787789820,2501.01,2502.28,2500.82,2501.87,41.30448007
1787789880,2501.88,2503.1,2501.86,2502.5,29.68883701
1787789940,2502.5,2506.63,2502.5,2506.6,189.70825791
1787790000,2506.42,2506.56,2505.39,2505.56,21.50473005
1787790060,2505.49,2505.62,2504.42,2504.79,23.34663486
1787790120,2504.77,2505.86,2504.64,2505.55,121.95414588
1787790180,2505.56,2505.56,2502.54,2502.57,29.11625151
1787790240,2502.56,2502.62,2501.35,2501.35,16.34475636
1787790300,2501.34,2501.35,2500.6,2500.93,29.0779927
1787790360,2501.16,2501.16,2498.66,2498.66,123.64145199
1787790420,2499.74,2500.51,2499.74,2500.37,9.5755858
1787790480,2500.38,2500.51,2499.0,2499.67,37.18596142
1787790540,2499.72,2501.12,2499.45,2501.05,22.09341524
1787790600,2501.03,2501.92,2500.51,2500.91,16.81067397
1787790660,2500.91,2501.25,2500.11,2500.41,3.37069351
1787790720,2500.41,2501.19,2499.08,2499.24,11.66789469
1787790780,2499.36,2500.74,2498.8,2500.25,8.5104628
1787790840,2500.4,2500.4,2498.66,2498.81,6.78379301
1787790900,2498.81,2499.59,2498.54,2498.75,15.27367137
1787790960,2499.03,2499.6,2495.95,2496.69,124.37547194
1787791020,2497.02,2497.04,2495.62,2496.18,23.2866179
1787791080,2496.22,2496.82,2495.7,2495.7,5.23631169
1787791140,2495.7,2497.17,2495.7,2496.78,8.78121138
1787791200,2496.77,2496.96,2495.15,2495.25,15.07087957
1787791260,2495.24,2495.67,2494.75,2495.16,13.57476883
1787791320,2495.04,2495.38,2494.44,2494.62,42.28290271
1787791380,2494.81,2497.34,2494.81,2497.06,21.26249602
1787791440,2497.1,2498.17,2496.01,2496.24,26.83005716
1787791500,2496.1,2496.28,2493.03,2494.21,156.61651172
1787791560,2494.2,2494.47,2493.31,2493.6,50.60146782
1787791620,2493.51,2494.44,2493.11,2493.11,14.75476268
1787791680,2493.1,2494.8,2492.2,2494.79,146.69770675
1787791740,2494.62,2495.25,2493.9,2495.25,45.52844646
1787791800,2495.29,2496.99,2494.96,2496.28,54.15415108
1787791860,2496.01,2497.28,2494.28,2494.8,95.56661426
1787791920,2494.73,2494.73,2493.11,2493.72,22.17453369
1787791980,2493.71,2493.88,2492.03,2492.58,14.56759199
1787792040,2492.61,2492.74,2491.92,2492.52,29.39793179
1787792100,2492.65,2494.02,2492.64,2493.31,14.18331243
1787792160,2493.31,2493.76,2492.3,2492.99,129.74827399
1787792220,2492.99,2494.65,2492.98,2493.02,67.29492809
1787792280,2493.02,2493.6,2492.36,2493.59,50.94463818
1787792340,2493.59,2494.21,2492.0,2492.0,29.82396416
1787792400,2491.9,2493.91,2491.52,2492.4,14.87398826
1787792460,2492.13,2493.59,2491.62,2493.28,37.3219299
1787792520,2493.28,2493.87,2492.4,2493.45,33.26831801
1787792580,2493.5,2493.58,2488.75,2490.77,195.90172019
1787792640,2490.89,2492.7,2490.85,2492.32,10.94566827
1787792700,2492.07,2492.99,2490.9,2491.45,29.14064694
1787792760,2491.45,2494.8,2491.28,2494.39,25.84253787
1787792820,2494.4,2495.44,2492.8,2492.8,62.26453712
1787792880,2493.0,2493.43,2488.97,2489.41,83.9625545
1787792940,2489.41,2491.2,2488.7,2491.19,117.43783885
1787793000,2490.9,2492.13,2490.11,2490.49,64.21441478
1787793060,2490.33,2491.97,2489.71,2490.75,24.24015191
1787793120,2490.73,2490.73,2488.67,2489.02,39.34096452
1787793180,2489.06,2490.16,2488.2,2488.54,56.58627273
1787793240,2488.8,2489.6,2486.88,2489.33,72.37863826
1787793300,2489.26,2491.26,2488.14,2491.26,12.26736365
1787793360,2491.08,2491.34,2488.5,2489.53,17.47317662
1787793420,2489.42,2490.26,2487.31,2488.64,18.71154792
1787793480,2488.64,2491.92,2488.62,2491.73,25.65443704
1787793540,2491.7,2492.34,2491.5,2491.5,28.73733077
1787793600,2491.51,2493.85,2491.51,2493.01,57.50984878
1787793660,2493.34,2495.36,2493.01,2495.36,86.05526142
1787793720,2495.39,2495.39,2493.37,2494.01,138.53361925
1787793780,2494.26,2496.0,2494.26,2496.0,6.50571803
1787793840,2495.88,2496.74,2495.82,2496.54,14.43481756
1787793900,2496.67,2498.02,2496.3,2497.92,89.11511793
1787793960,2497.96,2498.71,2497.96,2498.7,26.70830286
1787794020,2498.7,2502.42,2498.01,2502.42,79.45120046
1787794080,2502.42,2505.7,2502.42,2503.06,115.72147924
1787794140,2503.07,2504.63,2502.6,2503.09,52.79958839
1787794200,2503.41,2506.25,2502.88,2504.6,139.0305437
1787794260,2504.43,2505.86,2499.0,2499.18,78.08438282
1787794320,2499.25,2500.6,2498.31,2499.67,35.75193823
1787794380,2499.67,2501.85,2499.67,2500.52,11.97145653
1787794440,2500.51,2501.4,2499.6,2501.39,23.34181041
1787794500,2500.96,2501.31,2498.11,2499.27,58.16612545
1787794560,2499.27,2499.83,2499.0,2499.7,23.18800901
1787794620,2499.69,2501.01,2499.26,2501.01,17.7138113
1787794680,2500.8,2503.06,2499.44,2500.4,118.22461839
1787794740,2500.47,2500.72,2499.34,2499.43,45.64853155
1787794800,2499.35,2499.35,2498.01,2498.27,26.5826093
1787794860,2498.26,2498.27,2496.51,2496.98,9.12819249
1787794920,2496.89,2497.12,2495.44,2495.44,56.56968364
1787794980,2495.67,2496.3,2495.19,2495.29,18.39189297
1787795040,2495.41,2495.41,2492.91,2492.91,28.6697797
1787795100,2492.91,2495.69,2492.61,2495.15,103.5780239
1787795160,2495.05,2495.69,2494.51,2495.69,15.62507552
1787795220,2495.69,2497.83,2495.69,2497.83,34.62563446
1787795280,2497.86,2499.64,2497.79,2499.49,49.54671495
1787795340,2499.2,2502.0,2498.74,2502.0,182.67667857
1787795400,2502.01,2504.31,2502.01,2504.31,44.17348918
1787795460,2504.31,2505.65,2503.91,2504.35,75.49200736
1787795520,2504.21,2506.73,2504.05,2504.88,134.11499955
1787795580,2504.9,2505.47,2501.86,2502.89,110.33478344
1787795640,2502.9,2502.9,2501.15,2501.28,24.12744651
1787795700,2501.44,2503.4,2501.19,2503.4,83.96235744
1787795760,2503.41,2503.89,2502.08,2502.36,31.00359433
1787795820,2502.3,2502.65,2501.16,2501.17,32.42434306
1787795880,2501.17,2501.26,2499.2,2499.32,23.76054768
1787795940,2499.33,2499.53,2497.78,2497.78,33.14482985
1787796000,2497.88,2501.72,2497.28,2501.4,131.94246528
1787796060,2501.33,2502.56,2500.2,2500.22,16.5506259
1787796120,2500.22,2501.49,2500.22,2500.89,21.87687881
1787796180,2501.0,2502.02,2501.0,2501.38,25.79157755
1787796240,2501.21,2502.02,2500.79,2501.88,21.84713837
1787796300,2502.0,2502.4,2501.12,2502.4,31.28843538
1787796360,2502.31,2502.58,2501.83,2502.24,26.73428776
1787796420,2502.08,2503.2,2501.81,2502.76,21.91280525
1787796480,2502.62,2503.83,2502.0,2503.61,23.4601544
1787796540,2503.61,2504.04,2502.66,2503.94,12.07636628
1787796600,2503.93,2504.7,2503.93,2504.7,33.33080298
1787796660,2504.7,2504.95,2501.21,2502.14,58.57018817
1787796720,2502.44,2504.05,2502.13,2503.11,32.80675216
1787796780,2503.11,2503.6,2501.01,2501.03,53.7960898
1787796840,2501.03,2502.77,2501.03,2502.06,6.97747737
1787796900,2502.04,2502.6,2501.27,2501.73,16.08522849
1787796960,2501.73,2502.3,2500.34,2501.04,36.45943899
1787797020,2501.02,2502.07,2499.9,2501.87,35.98024037
1787797080,2501.77,2501.77,2500.4,2500.82,18.58639011
1787797140,2500.82,2502.52,2500.81,2501.23,14.7142701
1787797200,2501.24,2501.89,2500.92,2501.08,50.46767933
1787797260,2501.02,2501.59,2500.2,2500.96,11.73807781
1787797320,2500.96,2501.31,2500.4,2501.0,30.10598715
1787797380,2501.0,2501.0,2498.13,2498.4,23.72877847
1787797440,2498.41,2498.41,2496.01,2497.13,81.27612896
1787797500,2497.2,2497.66,2495.25,2495.25,15.0196486
1787797560,2495.56,2496.3,2493.99,2496.0,12.77228903
1787797620,2496.0,2496.0,2495.4,2495.46,4.61224135
1787797680,2495.46,2496.16,2495.17,2496.13,13.83218592
1787797740,2495.96,2496.24,2495.51,2495.93,11.38961513
1787797800,2495.94,2496.11,2494.8,2495.15,18.20036296
1787797860,2495.14,2495.76,2495.14,2495.57,7.49706348
1787797920,2495.54,2497.8,2495.15,2497.53,13.66930455
1787797980,2497.54,2497.74,2497.06,2497.74,19.27583427
1787798040,2497.67,2498.12,2497.17,2497.53,36.09414921
1787798100,2497.53,2497.53,2495.99,2496.25,15.72203988
1787798160,2496.17,2497.42,2496.16,2497.22,7.28928259
1787798220,2497.13,2497.22,2494.8,2494.84,110.13141931
1787798280,2494.84,2495.83,2494.57,2495.83,31.20646382
1787798340,2495.82,2495.82,2494.72,2495.0,10.13171328
1787798400,2494.97,2495.0,2494.03,2494.44,18.91885312
1787798460,2494.51,2494.86,2494.23,2494.25,6.81680576
1787798520,2494.25,2494.5,2494.08,2494.48,7.71187444
1787798580,2494.42,2494.5,2494.01,2494.22,20.5802951
1787798640,2494.2,2494.2,2493.2,2494.07,49.80551682
1787798700,2494.09,2494.7,2494.06,2494.67,8.23893724
1787798760,2494.68,2495.4,2494.41,2495.4,18.54200119
1787798820,2495.4,2495.68,2494.7,2495.13,21.99885765
1787798880,2495.24,2495.24,2493.93,2493.93,13.4610269
1787798940,2493.98,2495.0,2493.31,2494.79,17.86929748
1787799000,2494.63,2495.1,2493.81,2495.1,11.40676672
1787799060,2495.09,2495.86,2494.84,2495.85,34.37101708
1787799120,2495.69,2495.86,2493.76,2494.04,4.2693248
1787799180,2493.9,2494.43,2493.66,2493.67,6.76505067
1787799240,2494.0,2494.53,2493.84,2494.14,2.55075092
1787799300,2494.21,2494.42,2493.61,2493.63,7.53524305
1787799360,2493.62,2494.03,2493.25,2493.99,10.84112326
1787799420,2494.03,2494.2,2493.57,2493.57,12.27428345
1787799480,2493.57,2494.68,2493.49,2494.27,93.57181655
1787799540,2494.27,2494.69,2494.0,2494.6,22.89042973
1787799600,2494.59,2494.8,2493.61,2494.44,26.47304112
1787799660,2494.39,2494.94,2493.7,2494.93,5.65827567
1787799720,2494.91,2494.91,2494.2,2494.37,7.15591063
1787799780,2494.37,2494.37,2493.76,2493.76,13.10240004
1787799840,2493.86,2494.35,2493.86,2494.27,3.90103723
1787799900,2494.34,2494.34,2494.03,2494.08,6.28849588
1787799960,2494.13,2496.76,2494.13,2496.34,10.91630597
1787800020,2496.35,2496.76,2495.76,2495.76,19.13039436
1787800080,2495.76,2496.29,2494.2,2494.53,9.53594194
1787800140,2494.53,2495.06,2493.6,2493.91,20.01042852
1787800200,2494.04,2495.1,2494.04,2494.98,5.47744886
1787800260,2494.99,2495.1,2493.96,2494.18,13.51516109
1787800320,2494.17,2494.2,2491.5,2491.5,93.58349765
1787800380,2491.51,2491.68,2490.15,2490.86,86.25540683
1787800440,2490.93,2491.15,2490.5,2490.58,20.89691787
1787800500,2490.8,2491.35,2489.27,2489.45,49.15087726
1787800560,2489.47,2489.63,2488.79,2488.79,19.53349387
1787800620,2488.79,2489.96,2488.79,2489.06,19.36556464
1787800680,2489.05,2492.7,2489.0,2492.43,52.14767643
1787800740,2492.51,2494.58,2492.51,2494.33,60.50061836
1787800800,2494.2,2495.42,2492.77,2492.77,72.09576471
1787800860,2492.78,2493.6,2491.05,2492.7,70.73796611
1787800920,2492.71,2494.49,2491.4,2493.41,137.77488054
1787800980,2493.32,2494.19,2492.83,2493.67,28.57946547
1787801040,2494.19,2498.66,2494.08,2495.68,193.332733
1787801100,2496.02,2496.02,2493.44,2494.5,194.90127267
1787801160,2494.39,2496.51,2494.39,2496.3,240.17814405
1787801220,2496.25,2498.61,2496.25,2498.1,97.57138425
1787801280,2498.4,2498.69,2497.0,2497.01,40.87764614
1787801340,2497.34,2497.51,2496.91,2497.5,21.19335443
1787801400,2497.5,2498.02,2495.79,2495.79,54.51736891
1787801460,2495.79,2495.79,2494.81,2494.82,20.45447356
1787801520,2495.11,2495.12,2493.67,2494.35,111.21652517
1787801580,2494.27,2495.64,2494.04,2495.09,16.55831659
1787801640,2495.11,2495.89,2494.21,2494.46,37.5571704
1787801700,2494.46,2494.96,2493.97,2494.2,3.83503006
1787801760,2494.1,2495.02,2493.74,2494.45,4.78715197
1787801820,2494.45,2495.74,2494.32,2494.92,22.69256155
1787801880,2494.67,2494.67,2493.43,2493.55,24.40830875
1787801940,2493.6,2493.85,2493.11,2493.32,14.97324856
1787802000,2493.34,2493.66,2492.82,2493.08,21.29389705
1787802060,2492.96,2493.09,2491.96,2492.18,21.11097781
1787802120,2492.18,2494.03,2492.18,2493.22,52.81761606
1787802180,2493.22,2493.41,2492.55,2492.99,28.42234639
1787802240,2492.99,2492.99,2491.87,2491.89,13.16224049
1787802300,2491.88,2494.1,2491.82,2494.08,39.26710782
1787802360,2494.1,2494.59,2492.39,2492.69,28.00597226
1787802420,2492.67,2492.78,2491.21,2491.21,23.65486886
1787802480,2491.21,2491.56,2489.3,2490.12,92.60085383
1787802540,2490.12,2490.25,2489.05,2489.95,86.41815293
1787802600,2490.08,2491.3,2489.99,2490.37,73.05231745
1787802660,2490.37,2490.74,2488.96,2490.16,58.65901065
1787802720,2490.31,2490.31,2489.3,2489.3,32.15556627
1787802780,2489.3,2490.76,2488.9,2490.61,16.07802376
1787802840,2490.63,2491.72,2490.01,2491.72,33.86354169
1787802900,2491.77,2491.77,2490.69,2490.93,7.71041851
1787802960,2490.93,2491.7,2490.93,2491.7,15.79219651
1787803020,2491.71,2492.1,2491.07,2491.26,20.60626761
1787803080,2491.26,2491.79,2491.22,2491.79,6.02472362
1787803140,2491.68,2492.58,2491.62,2492.56,24.23642084
1787803200,2492.55,2493.28,2492.44,2493.28,5.26624098
1787803260,2493.28,2493.79,2492.79,2492.9,8.91363467
1787803320,2492.89,2493.89,2492.72,2493.07,25.51120855
1787803380,2493.35,2494.25,2493.35,2494.13,5.96350679
1787803440,2494.16,2494.2,2492.7,2493.31,6.73482211
1787803500,2493.31,2493.36,2492.02,2492.06,6.85690219
1787803560,2492.07,2492.16,2492.06,2492.16,5.14013481
1787803620,2492.16,2492.24,2491.41,2491.7,9.52640292
1787803680,2491.54,2491.7,2490.91,2491.14,11.71614113
1787803740,2490.95,2494.44,2490.95,2494.25,10.00007803
1787803800,2494.25,2494.25,2493.06,2493.42,9.66172208
1787803860,2493.4,2493.5,2492.81,2493.5,11.30661754
1787803920,2493.5,2494.45,2493.3,2493.65,6.83281216
1787803980,2493.52,2493.98,2493.2,2493.89,7.95863049
1787804040,2493.83,2494.03,2493.44,2493.74,17.40467993
1787804100,2493.74,2495.0,2493.73,2494.99,26.61590689
1787804160,2494.72,2495.01,2494.6,2495.01,10.26102727
1787804220,2494.7,2494.94,2493.68,2494.09,61.70291016
1787804280,2494.07,2495.55,2494.07,2495.45,10.63480928
1787804340,2495.45,2495.45,2494.6,2494.77,15.69911429
1787804400,2494.69,2494.7,2493.84,2494.17,8.89064675
1787804460,2494.22,2494.5,2493.0,2493.01,33.75822555
1787804520,2493.05,2493.25,2492.28,2493.16,22.90572417
1787804580,2493.1,2493.9,2492.52,2493.79,10.01973211
1787804640,2493.79,2494.37,2493.7,2494.12,11.31270902
1787804700,2494.12,2494.29,2493.3,2493.91,9.64360088
1787804760,2493.91,2493.92,2492.94,2493.07,13.5704452
1787804820,2493.07,2493.08,2492.48,2492.52,17.28998323
1787804880,2492.52,2492.93,2492.46,2492.46,13.74672529
1787804940,2492.45,2492.46,2491.22,2491.22,20.49768437
1787805000,2491.22,2491.22,2489.39,2489.46,36.60924784
1787805060,2489.46,2489.71,2489.21,2489.71,10.24819844
1787805120,2489.71,2489.71,2489.24,2489.65,16.92297362
1787805180,2489.7,2489.7,2489.24,2489.56,9.16904255
1787805240,2489.56,2489.56,2486.78,2487.22,104.20270077
1787805300,2486.86,2487.5,2486.26,2486.26,94.95563318
1787805360,2486.44,2487.66,2484.1,2484.11,165.57226136
1787805420,2484.1,2486.0,2483.94,2485.99,64.64609104
1787805480,2485.98,2485.98,2484.08,2485.8,64.05861858
1787805540,2485.8,2487.4,2485.8,2486.61,46.85251305
1787805600,2486.57,2486.92,2486.11,2486.11,18.71112583
1787805660,2486.26,2486.96,2485.47,2486.96,88.36903827
1787805720,2486.96,2487.94,2486.13,2487.93,129.56641764
1787805780,2487.92,2488.9,2487.74,2488.64,25.55972178
1787805840,2488.64,2488.87,2488.32,2488.87,24.7570901
1787805900,2488.89,2490.93,2488.47,2489.2,60.48812969
1787805960,2489.2,2489.49,2486.82,2487.43,58.70376398
1787806020,2487.43,2487.43,2486.4,2486.94,15.97765088
1787806080,2486.9,2486.9,2485.84,2485.84,10.96064069
1787806140,2485.84,2486.4,2485.55,2486.4,49.7046871
1787806200,2486.4,2486.54,2484.65,2484.65,42.24717288
1787806260,2484.64,2484.99,2484.2,2484.53,21.42061945
1787806320,2484.42,2485.37,2484.28,2485.37,29.05111381
1787806380,2485.39,2486.2,2485.37,2486.01,32.45285606
1787806440,2486.0,2486.49,2484.47,2486.4,188.8111659
1787806500,2486.4,2486.65,2486.39,2486.53,14.63829472
1787806560,2486.53,2486.57,2486.14,2486.18,21.15620655
1787806620,2486.62,2486.81,2486.31,2486.8,29.35001097
1787806680,2486.79,2486.88,2486.65,2486.8,14.31591117
1787806740,2486.79,2487.03,2486.64,2486.75,24.30182942
1787806800,2486.94,2487.29,2486.93,2487.16,10.54345219
1787806860,2487.16,2488.35,2487.16,2488.19,63.70923912
1787806920,2487.9,2487.9,2486.94,2487.07,39.53020526
1787806980,2486.94,2487.27,2486.69,2486.69,10.14237446
1787807040,2486.5,2486.71,2483.66,2483.95,113.55657778
1787807100,2483.94,2484.19,2483.28,2483.37,18.80370053
1787807160,2483.27,2484.78,2483.27,2483.49,17.7197537
1787807220,2483.6,2485.15,2483.6,2484.61,67.52006813
1787807280,2484.62,2485.91,2484.37,2485.91,4.51469241
1787807340,2485.89,2487.08,2485.5,2486.4,6.06031586
1787807400,2486.44,2486.99,2485.69,2485.69,13.76184386
1787807460,2485.51,2485.87,2485.2,2485.74,4.81101574
1787807520,2485.84,2486.6,2485.7,2486.56,11.2372481
1787807580,2486.56,2487.26,2486.1,2486.1,42.13761189
1787807640,2485.9,2486.11,2484.95,2485.12,5.98091979
1787807700,2485.02,2485.02,2484.01,2484.64,40.05986035
1787807760,2484.5,2484.67,2483.49,2483.7,12.76809314
1787807820,2483.67,2484.01,2483.41,2483.42,8.73959683
1787807880,2483.42,2483.93,2483.15,2483.92,13.42915229
1787807940,2484.01,2484.85,2484.01,2484.39,24.52343607
1787808000,2484.47,2485.35,2484.47,2485.29,10.24511857
1787808060,2485.3,2485.77,2485.14,2485.71,7.62841255
1787808120,2485.77,2486.79,2485.77,2486.64,11.07222307
1787808180,2486.59,2486.74,2486.24,2486.34,7.73763837
1787808240,2486.37,2490.24,2486.21,2490.0,11.79717538
1787808300,2490.0,2491.08,2489.0,2489.65,29.82675841
1787808360,2489.6,2490.5,2488.51,2489.05,26.37745024
1787808420,2488.99,2489.08,2487.87,2487.91,40.00503964
1787808480,2487.91,2488.14,2484.32,2484.41,18.02279048
1787808540,2484.41,2485.2,2483.51,2484.7,36.87009802
1787808600,2484.75,2485.99,2484.32,2485.57,26.2263041
1787808660,2485.61,2485.61,2483.6,2484.59,37.52832205
1787808720,2484.6,2484.69,2483.14,2483.14,20.93810433
1787808780,2483.14,2484.27,2481.9,2483.38,35.44526477
1787808840,2483.34,2483.69,2482.7,2483.69,12.17158353
1787808900,2483.69,2483.69,2481.49,2483.09,34.72277436
1787808960,2483.09,2484.69,2483.09,2484.61,28.66016984
1787809020,2484.51,2486.6,2484.51,2486.32,16.72354759
1787809080,2486.33,2488.01,2486.21,2487.88,48.1489861
1787809140,2487.81,2487.81,2486.84,2487.07,31.52479593
1787809200,2487.1,2488.72,2487.1,2488.72,20.76391368
1787809260,2488.75,2490.18,2488.23,2488.71,32.72562338
1787809320,2488.8,2488.8,2487.1,2487.11,43.47733107
1787809380,2487.31,2487.52,2486.48,2486.48,9.43055454
1787809440,2486.48,2487.9,2486.03,2487.72,22.39444787
1787809500,2487.77,2488.76,2487.56,2488.09,28.56511332
1787809560,2488.16,2490.18,2488.16,2490.18,23.02140012
1787809620,2490.18,2492.22,2490.18,2491.85,38.88456622
1787809680,2491.98,2492.6,2491.81,2492.18,40.89032319
1787809740,2492.3,2494.65,2492.3,2494.39,28.56150385
1787809800,2494.43,2495.08,2493.3,2493.3,22.13232797
1787809860,2493.23,2495.24,2493.23,2495.24,10.69675178
1787809920,2495.3,2497.39,2495.3,2497.39,56.44459456
1787809980,2497.16,2497.42,2494.52,2494.84,65.90089849
1787810040,2494.88,2494.88,2494.21,2494.41,23.40563325
1787810100,2494.34,2494.38,2492.75,2493.55,26.68240773
1787810160,2493.49,2493.49,2492.77,2493.15,27.20106231
1787810220,2492.99,2495.36,2492.95,2495.36,52.85418012
1787810280,2495.12,2496.77,2494.51,2496.65,61.60334249
1787810340,2496.43,2496.84,2495.7,2496.23,18.53550369
1787810400,2496.18,2496.18,2494.21,2494.38,19.70039445
1787810460,2494.21,2494.49,2493.42,2494.49,25.37109739
1787810520,2494.21,2494.21,2493.97,2494.02,11.46271655
1787810580,2494.0,2494.01,2493.0,2493.58,19.2710227
1787810640,2493.59,2493.64,2492.7,2492.71,22.83748986
1787810700,2492.71,2492.99,2492.53,2492.68,51.18279177
1787810760,2492.67,2493.32,2492.53,2493.31,14.41847785
1787810820,2493.31,2493.31,2491.94,2492.26,20.24379641
1787810880,2491.97,2492.42,2491.65,2491.65,11.76616303
1787810940,2491.58,2491.58,2490.57,2490.75,32.00394018
1787811000,2490.76,2490.76,2489.71,2489.71,8.83618553
1787811060,2489.7,2489.99,2487.78,2489.04,107.78852346
1787811120,2489.15,2489.36,2488.5,2488.83,39.61092716
1787811180,2488.61,2488.61,2485.44,2486.57,82.3152183
1787811240,2486.57,2488.34,2485.21,2488.29,92.83726058
1787811300,2488.29,2488.49,2485.55,2485.55,56.67715495
1787811360,2485.55,2486.4,2484.0,2485.14,51.58712905
1787811420,2485.17,2486.4,2484.81,2486.39,55.21097592
1787811480,2486.31,2486.31,2484.91,2485.36,9.96809082
1787811540,2485.37,2485.65,2484.8,2485.5,18.44257362
1787811600,2485.72,2485.91,2484.91,2484.92,15.23026577
1787811660,2484.92,2487.48,2484.91,2487.23,25.95193524
1787811720,2487.22,2487.22,2485.9,2485.9,40.85852445
1787811780,2485.89,2486.1,2485.42,2485.44,21.97224318
1787811840,2485.43,2485.79,2484.61,2484.62,104.10849951
1787811900,2484.62,2485.79,2484.61,2485.19,33.64230556
1787811960,2485.2,2485.58,2484.92,2485.42,26.44211433
1787812020,2485.42,2485.45,2485.1,2485.34,29.32949059
1787812080,2485.33,2485.34,2484.21,2484.55,23.6724497
1787812140,2484.55,2485.2,2483.91,2485.2,117.95876321
1787812200,2485.2,2487.72,2485.19,2487.53,169.56751634
1787812260,2487.53,2488.39,2485.81,2486.19,43.12872549
1787812320,2486.18,2486.83,2485.22,2485.61,33.55356866
1787812380,2485.61,2486.63,2485.34,2485.85,34.28223359
1787812440,2485.85,2486.95,2485.83,2486.95,29.55606233
1787812500,2486.95,2488.19,2486.68,2487.92,41.03442518
1787812560,2487.92,2487.97,2487.19,2487.22,9.68869549
1787812620,2487.22,2487.89,2487.21,2487.88,30.4458479
1787812680,2487.89,2488.17,2487.19,2488.1,37.50648476
1787812740,2488.1,2488.11,2486.7,2487.01,28.34602889
1787812800,2487.01,2488.32,2487.01,2487.3,35.02763493
1787812860,2487.37,2487.37,2486.47,2486.76,28.80456889
1787812920,2486.74,2487.63,2486.53,2487.41,37.24705487
1787812980,2487.62,2487.63,2486.85,2487.23,17.74876025
1787813040,2487.24,2487.89,2487.0,2487.89,17.38148243
1787813100,2487.9,2488.88,2487.9,2488.58,41.11422901
1787813160,2488.59,2489.4,2488.34,2489.19,54.59084272
1787813220,2489.34,2489.64,2489.28,2489.53,43.19757197
1787813280,2489.54,2489.69,2489.11,2489.24,39.1436054
1787813340,2489.52,2489.64,2488.68,2488.84,63.04140401
1787813400,2489.39,2491.78,2489.38,2491.78,43.23899993
1787813460,2491.78,2492.0,2490.73,2491.46,68.30542672
1787813520,2491.26,2491.26,2490.91,2491.1,13.42410014
1787813580,2491.2,2491.22,2490.56,2491.22,28.32705635
1787813640,2491.46,2492.0,2491.1,2491.2,28.60807364
1787813700,2491.2,2492.4,2490.91,2492.27,14.00888352
1787813760,2492.39,2493.0,2492.1,2492.1,18.35538295
1787813820,2492.1,2492.1,2491.5,2492.02,27.89753203
1787813880,2492.0,2492.36,2491.86,2492.24,10.05417517
1787813940,2492.34,2493.27,2492.02,2492.39,24.73643843
1787814000,2492.42,2492.42,2490.65,2490.99,58.06247747
1787814060,2491.0,2492.69,2490.98,2492.69,33.78963643
1787814120,2492.68,2492.68,2491.02,2491.49,46.00613022
1787814180,2491.5,2492.09,2490.72,2491.69,54.70176046
1787814240,2491.69,2491.8,2490.97,2491.63,19.94161746
1787814300,2491.62,2491.8,2491.14,2491.76,10.57601925
1787814360,2491.75,2491.92,2490.8,2490.81,18.54735387
1787814420,2490.95,2490.97,2490.03,2490.35,7.42078849
1787814480,2490.33,2491.16,2490.33,2491.16,13.77985209
1787814540,2491.06,2491.29,2490.63,2490.82,16.51600932
1787814600,2490.88,2491.19,2490.62,2491.08,12.19918801
1787814660,2491.07,2492.76,2490.62,2492.07,14.07908072
1787814720,2492.06,2492.24,2491.5,2491.8,27.83563257
1787814780,2491.75,2492.5,2491.58,2492.34,10.20364537
1787814840,2492.55,2495.14,2492.55,2493.64,33.18660181
1787814900,2493.64,2494.17,2492.62,2492.78,27.92600493
1787814960,2492.78,2493.95,2492.78,2493.87,12.28983172
1787815020,2493.86,2493.86,2492.72,2492.76,11.91033797
1787815080,2492.76,2493.74,2492.75,2493.74,27.41820397
1787815140,2493.71,2494.03,2493.32,2493.34,8.35119384
1787815200,2493.33,2493.98,2492.88,2492.88,8.58760624
1787815260,2492.78,2493.0,2492.39,2492.39,23.5143935
1787815320,2492.51,2493.59,2492.51,2493.38,8.35703138
1787815380,2493.59,2493.59,2492.45,2492.63,5.90169085
1787815440,2492.61,2492.81,2490.12,2490.12,12.52725623
1787815500,2490.12,2490.12,2488.5,2489.35,18.97327455
1787815560,2489.36,2490.01,2489.08,2490.01,12.86353479
1787815620,2490.0,2490.59,2490.0,2490.29,17.71290863
1787815680,2490.28,2491.01,2489.85,2490.63,17.19587353
1787815740,2490.62,2490.62,2490.06,2490.45,11.01206979
1787815800,2490.71,2490.9,2490.1,2490.9,18.23420491
1787815860,2491.09,2493.24,2491.09,2493.24,7.45859075
1787815920,2493.26,2493.9,2492.55,2492.6,13.79293611
1787815980,2492.82,2493.3,2491.21,2493.16,56.69606952
1787816040,2493.15,2493.62,2492.33,2492.8,13.77381491
1787816100,2492.8,2492.81,2491.08,2491.31,23.9320819
1787816160,2491.28,2492.1,2490.8,2491.21,35.61120454
1787816220,2491.21,2491.49,2491.04,2491.06,22.78859451
1787816280,2491.06,2491.27,2490.22,2490.75,21.4128205
1787816340,2490.75,2492.91,2490.75,2492.91,46.31786903
1787816400,2492.96,2492.96,2490.33,2490.54,33.51433078
1787816460,2490.54,2491.99,2490.53,2491.99,6.72244316
1787816520,2491.72,2492.38,2491.1,2492.37,44.77653317
1787816580,2492.36,2492.38,2492.09,2492.34,9.6280195
1787816640,2492.34,2492.38,2491.6,2491.6,13.09336728
1787816700,2491.5,2492.09,2491.36,2491.76,9.54836795
1787816760,2491.67,2491.75,2491.13,2491.55,6.37591798
1787816820,2491.56,2492.49,2491.56,2492.49,17.3833329
1787816880,2492.55,2492.55,2491.51,2492.02,9.03962755
1787816940,2492.02,2492.39,2491.94,2492.39,12.65180853
1787817000,2492.38,2493.0,2491.87,2492.89,61.44610008
1787817060,2493.02,2494.13,2493.02,2494.1,24.47012141
1787817120,2493.9,2495.5,2493.9,2495.5,27.79050807
1787817180,2495.51,2495.92,2493.84,2494.38,129.139464
1787817240,2494.38,2496.0,2493.91,2495.96,26.7025452
1787817300,2495.87,2498.86,2495.81,2497.65,252.48337574
1787817360,2497.65,2498.4,2497.5,2498.4,15.69159782
1787817420,2498.44,2498.54,2496.7,2497.68,121.9204198
1787817480,2497.67,2498.05,2496.32,2497.5,107.8162733
1787817540,2497.5,2497.78,2497.07,2497.07,19.22785694
1787817600,2496.92,2498.74,2496.92,2497.21,96.03597368
1787817660,2497.2,2498.04,2496.92,2497.94,38.19875997
1787817720,2498.04,2502.9,2498.03,2502.9,171.52124319
1787817780,2502.79,2509.22,2502.24,2508.44,247.28500146
1787817840,2508.5,2518.43,2506.8,2512.84,715.50042959
1787817900,2512.62,2513.43,2505.68,2507.69,257.63510005
1787817960,2506.71,2509.33,2506.28,2506.8,154.3474995
1787818020,2506.71,2512.44,2506.7,2511.76,68.31765798
1787818080,2511.78,2516.49,2511.01,2516.49,71.13511531
1787818140,2515.68,2527.21,2514.8,2525.29,332.13280071
1787818200,2524.8,2529.66,2522.22,2525.28,469.91098495
1787818260,2525.07,2527.35,2521.54,2523.9,292.95596454
1787818320,2523.76,2524.1,2520.9,2521.59,79.95003813
1787818380,2521.66,2523.4,2518.29,2519.21,164.72150857
1787818440,2519.12,2519.74,2516.02,2519.56,173.11570889
1787818500,2519.58,2520.3,2514.61,2515.02,89.62620041
1787818560,2515.28,2518.87,2513.82,2516.89,86.69135567
1787818620,2517.06,2517.48,2515.03,2515.6,50.94072322
1787818680,2515.61,2517.77,2514.24,2515.67,190.73445447
1787818740,2515.66,2517.58,2515.47,2516.91,224.47743067
1787818800,2516.83,2517.59,2514.14,2514.9,112.63029843
1787818860,2515.19,2516.61,2515.19,2516.59,24.43747878
1787818920,2516.46,2518.59,2511.39,2515.74,533.68061661
1787818980,2515.84,2517.29,2514.65,2516.24,104.50249761
1787819040,2516.29,2518.01,2516.29,2517.49,47.58551678
1787819100,2517.48,2519.73,2517.48,2519.71,97.71157109
1787819160,2519.72,2523.42,2519.1,2521.12,180.69604638
1787819220,2521.3,2521.98,2520.06,2521.84,84.76278185
1787819280,2521.74,2526.65,2521.74,2524.41,511.82046407
1787819340,2524.46,2535.16,2524.46,2533.74,654.34578757
1787819400,2533.79,2545.62,2533.53,2538.45,724.58208383
1787819460,2538.57,2544.1,2538.57,2541.9,255.34573276
1787819520,2541.69,2542.12,2537.15,2537.63,177.18258162
1787819580,2537.4,2540.62,2536.4,2539.38,124.10959774
1787819640,2539.5,2539.8,2535.34,2536.51,154.27303288
1787819700,2536.74,2536.74,2529.98,2533.24,301.00463939
1787819760,2533.5,2533.79,2527.7,2528.09,150.90406957
1787819820,2528.1,2531.69,2526.64,2530.57,105.17494041
1787819880,2530.57,2531.04,2528.82,2529.85,52.69495227
1787819940,2529.41,2530.44,2528.62,2530.37,122.71937909
1787820000,2530.37,2531.4,2529.3,2529.9,94.04392477
1787820060,2529.87,2535.23,2529.31,2533.5,296.77870985
1787820120,2533.21,2536.85,2530.36,2536.31,342.49898953
1787820180,2536.16,2538.75,2534.6,2534.74,112.17415791
1787820240,2534.93,2536.15,2534.81,2536.15,43.73812284
1787820300,2536.14,2540.07,2536.02,2539.61,166.95176447
1787820360,2539.7,2539.7,2533.16,2533.76,118.88422095
1787820420,2533.8,2536.3,2533.13,2535.31,168.87543234
1787820480,2535.53,2538.29,2533.78,2536.36,192.69370799
1787820540,2536.54,2537.09,2534.63,2535.0,100.81085201
1787820600,2534.7,2536.19,2533.91,2534.22,90.39580174
1787820660,2534.0,2538.29,2533.92,2537.87,59.35509528
1787820720,2537.64,2537.64,2532.77,2532.77,90.3775714
1787820780,2533.08,2534.67,2533.08,2534.03,85.95745106
1787820840,2534.03,2535.25,2532.31,2532.96,195.44486364
1787820900,2532.77,2532.86,2528.6,2529.66,117.91739244
1787820960,2530.22,2531.68,2529.97,2531.57,57.49524436
1787821020,2531.63,2532.92,2530.26,2532.11,76.32631676
1787821080,2532.24,2532.46,2530.34,2531.31,37.85742781
1787821140,2531.31,2531.75,2530.23,2530.69,46.06812498
1787821200,2530.8,2532.38,2528.87,2529.9,173.26508777
1787821260,2529.6,2530.19,2527.87,2528.84,136.22673959
1787821320,2528.82,2529.85,2525.2,2526.76,200.28604619
1787821380,2526.88,2529.45,2526.88,2528.87,131.84690266
1787821440,2528.61,2530.48,2528.01,2528.05,117.70787651
1787821500,2528.04,2530.71,2525.99,2529.76,414.40775192
1787821560,2529.78,2529.88,2526.5,2529.03,84.51056226
1787821620,2529.3,2531.0,2529.06,2530.97,43.98015448
1787821680,2531.06,2533.19,2531.06,2532.82,59.1023564
1787821740,2533.08,2533.2,2530.85,2532.01,64.98556748
1787821800,2532.32,2535.39,2532.17,2535.37,23.75477909
1787821860,2535.36,2536.68,2534.78,2535.31,112.67863207
1787821920,2535.36,2535.75,2534.2,2534.25,87.63229827
1787821980,2534.63,2535.5,2534.34,2535.02,30.35080467
1787822040,2534.81,2535.35,2533.38,2535.28,35.6530609
1787822100,2535.28,2535.59,2532.06,2533.04,94.39240401
1787822160,2533.01,2535.65,2532.87,2535.59,63.25432536
1787822220,2535.58,2535.64,2533.8,2535.36,53.99006648
1787822280,2535.24,2535.24,2530.99,2532.8,55.51516301
1787822340,2532.8,2537.53,2532.34,2537.39,468.89434456
1787822400,2537.4,2541.86,2535.92,2541.45,347.60067639
1787822460,2541.45,2541.45,2537.78,2540.26,66.82242649
1787822520,2540.18,2540.4,2538.12,2539.5,235.4691511
1787822580,2539.49,2539.49,2536.11,2538.1,70.5948795
1787822640,2538.1,2541.36,2537.76,2540.08,315.26945943
1787822700,2540.1,2557.37,2540.1,2550.18,981.77809831
1787822760,2550.1,2559.54,2550.1,2558.14,443.68232132
1787822820,2557.85,2567.0,2554.7,2554.7,741.72064249
1787822880,2556.02,2556.4,2549.11,2552.7,643.12411271
1787822940,2553.0,2554.56,2552.11,2554.32,51.81011083
1787823000,2554.33,2556.3,2549.76,2552.25,216.00398724
1787823060,2552.39,2556.32,2552.07,2554.41,65.82329533
1787823120,2554.3,2554.51,2549.1,2550.57,123.85656263
1787823180,2550.72,2551.04,2548.17,2550.6,162.72244211
1787823240,2550.53,2550.53,2546.13,2546.97,97.91494694
1787823300,2547.03,2547.91,2545.8,2546.52,31.72670803
1787823360,2546.24,2548.45,2545.84,2546.57,95.65530088
1787823420,2546.5,2546.51,2543.2,2544.3,39.63142385
1787823480,2544.08,2546.88,2543.45,2544.6,28.29296031
1787823540,2544.3,2546.71,2544.27,2546.34,79.50078087
1787823600,2546.34,2548.72,2545.2,2548.17,155.60628215
1787823660,2548.34,2548.34,2544.96,2544.96,6.0613459
1787823720,2545.01,2545.01,2538.51,2539.89,208.73755018
1787823780,2539.87,2543.83,2539.87,2542.8,37.89366823
1787823840,2542.84,2543.6,2541.39,2541.46,34.23652123
1787823900,2541.5,2542.31,2541.05,2542.02,28.54729497
1787823960,2542.15,2544.29,2542.15,2543.9,57.58832978
1787824020,2543.91,2545.24,2543.91,2545.03,27.07794618
1787824080,2545.05,2545.28,2543.47,2543.47,47.00679682
1787824140,2543.53,2543.53,2540.8,2540.8,41.64730242
1787824200,2540.7,2541.89,2536.4,2537.4,186.10332006
1787824260,2537.65,2539.47,2536.45,2536.45,72.67096021
1787824320,2536.35,2538.6,2536.09,2538.15,61.18018884
1787824380,2538.13,2539.39,2537.95,2538.55,53.20561619
1787824440,2538.54,2538.54,2536.94,2537.59,55.90017268
1787824500,2537.51,2537.51,2536.2,2536.24,33.90673007
1787824560,2536.4,2536.42,2533.25,2533.43,92.10919405
1787824620,2533.51,2535.53,2533.41,2533.64,80.60325509
1787824680,2533.41,2534.2,2532.38,2534.08,29.53427414
1787824740,2534.07,2535.52,2533.72,2534.7,31.65114525
1787824800,2534.78,2535.3,2532.3,2533.18,58.78766054
1787824860,2533.29,2534.96,2532.79,2534.9,74.34115627
1787824920,2534.96,2535.13,2531.87,2532.9,106.2563686
1787824980,2532.81,2532.81,2530.79,2531.71,69.50212081
1787825040,2531.52,2535.9,2529.75,2535.8,1192.58154134
1787825100,2535.72,2536.02,2534.72,2535.54,397.60584068
1787825160,2535.54,2538.7,2535.0,2538.7,361.22251424
1787825220,2538.7,2539.79,2538.19,2539.16,52.80559548
1787825280,2539.08,2539.77,2538.2,2539.28,32.76136827
1787825340,2539.31,2540.07,2539.24,2539.66,31.3449212
1787825400,2539.5,2539.5,2538.04,2538.34,25.29148306
1787825460,2538.16,2538.81,2536.24,2536.28,42.12439257
1787825520,2536.28,2536.3,2534.18,2534.7,23.52981852
1787825580,2534.4,2534.4,2531.93,2532.17,37.35394249
1787825640,2532.15,2532.15,2525.92,2529.61,125.12947963
1787825700,2530.08,2532.08,2527.05,2528.09,172.18536775
1787825760,2527.72,2529.91,2527.45,2528.79,70.29111337
1787825820,2528.78,2530.39,2527.36,2530.25,36.75404626
1787825880,2530.39,2531.27,2529.32,2530.2,57.26911254
1787825940,2530.33,2530.6,2528.7,2528.7,27.7435741
1787826000,2528.54,2529.89,2528.53,2529.81,27.31625549
1787826060,2529.9,2530.48,2529.07,2530.28,10.70586508
1787826120,2530.43,2530.78,2528.57,2528.59,13.50045304
1787826180,2528.65,2528.79,2525.63,2526.17,75.94146708
1787826240,2526.0,2526.29,2521.96,2523.41,154.21106158
1787826300,2523.4,2523.4,2512.74,2515.79,1026.87587161
1787826360,2515.89,2516.69,2487.49,2500.09,1200.48654078
1787826420,2500.42,2507.83,2498.97,2507.48,611.70406122
1787826480,2507.84,2511.54,2507.51,2508.42,521.11187207
1787826540,2508.45,2511.89,2508.25,2510.94,426.90945388
1787826600,2511.2,2511.2,2504.91,2510.16,103.01621302
1787826660,2510.39,2512.51,2509.89,2510.53,187.8653957
1787826720,2510.53,2512.72,2510.49,2512.67,95.03324652
1787826780,2512.68,2513.24,2511.28,2511.79,40.17392288
1787826840,2511.57,2511.77,2507.47,2507.76,37.94652658
1787826900,2507.77,2509.67,2505.84,2505.98,108.91319913
1787826960,2506.18,2506.79,2500.19,2500.9,449.96696951
1787827020,2500.8,2503.27,2497.19,2500.03,330.46721943
1787827080,2500.67,2503.1,2499.0,2502.0,221.68939973
1787827140,2501.99,2501.99,2499.37,2499.69,109.4975979
1787827200,2499.69,2504.4,2499.49,2503.97,211.37278391
1787827260,2503.81,2506.14,2503.8,2505.58,239.08353513
1787827320,2505.32,2505.4,2503.88,2505.4,101.21568256
1787827380,2505.39,2508.26,2505.04,2507.48,92.65182973
1787827440,2507.5,2508.01,2505.77,2506.11,36.27309845
1787827500,2506.04,2507.33,2505.61,2505.61,80.33439206
1787827560,2505.62,2506.8,2505.06,2506.4,79.75423378
1787827620,2506.41,2506.88,2501.4,2502.58,119.61353255
1787827680,2502.28,2503.6,2502.22,2502.8,10.1406069
1787827740,2502.89,2504.25,2502.0,2502.02,48.74088507
1787827800,2502.0,2503.74,2501.36,2503.53,52.29497231
1787827860,2503.72,2504.54,2501.93,2502.92,28.81645611
1787827920,2502.92,2505.37,2502.92,2504.68,61.82579862
1787827980,2504.73,2505.52,2504.4,2505.3,62.97244288
1787828040,2505.28,2505.77,2504.68,2505.36,41.67127553
1787828100,2505.35,2506.43,2504.45,2505.35,63.404245
1787828160,2505.31,2505.52,2504.41,2504.41,34.19604212
1787828220,2504.41,2505.77,2503.81,2504.57,86.46990979
1787828280,2504.41,2504.96,2502.99,2503.3,190.48852756
1787828340,2503.35,2504.0,2502.13,2503.95,36.36684453
1787828400,2503.99,2504.84,2502.0,2504.46,191.4308716
1787828460,2504.48,2507.38,2502.79,2506.82,273.1424708
1787828520,2506.82,2508.44,2505.69,2506.18,133.93415751
1787828580,2506.33,2508.39,2506.33,2507.58,119.87561725
1787828640,2507.75,2509.26,2506.86,2507.29,91.2693961
1787828700,2506.89,2507.7,2505.05,2507.44,33.1153343
1787828760,2507.49,2508.14,2504.69,2506.33,75.55985941
1787828820,2506.36,2510.0,2506.34,2508.22,269.21458331
1787828880,2508.21,2508.3,2506.76,2506.99,60.51349647
1787828940,2507.03,2508.29,2505.31,2506.29,100.0769798
1787829000,2506.15,2507.1,2505.76,2506.82,21.58452874
1787829060,2506.67,2506.9,2505.61,2506.02,38.39495208
1787829120,2505.9,2507.0,2505.85,2506.33,15.69974044
1787829180,2506.32,2507.2,2505.94,2507.2,36.01538966
1787829240,2507.15,2508.29,2507.06,2508.26,39.67398054
1787829300,2508.04,2508.18,2507.69,2507.88,27.11008593
1787829360,2508.16,2509.26,2508.16,2509.17,43.38557873
1787829420,2509.21,2509.21,2505.77,2506.29,80.23324848
1787829480,2506.27,2506.5,2504.18,2505.29,64.30493061
1787829540,2505.11,2507.76,2505.11,2507.22,49.78337759
1787829600,2507.1,2508.14,2506.32,2508.14,63.11725797
1787829660,2508.15,2509.14,2505.68,2506.6,36.86053984
1787829720,2506.79,2507.67,2506.5,2507.22,7.19217572
1787829780,2507.22,2508.03,2507.22,2507.35,13.53651855
1787829840,2507.37,2508.44,2507.37,2508.14,33.75764927
1787829900,2508.16,2510.4,2508.15,2509.96,92.05613125
1787829960,2509.92,2510.14,2504.63,2504.63,169.70701423
1787830020,2504.88,2505.6,2501.0,2501.0,103.47754843
1787830080,2501.02,2502.82,2499.24,2502.66,344.43090343
1787830140,2502.63,2502.63,2500.86,2501.66,106.2575622
1787830200,2501.45,2501.94,2498.46,2498.8,123.15666258
1787830260,2498.78,2501.82,2498.42,2500.48,198.46087876
1787830320,2500.48,2501.5,2498.3,2501.5,199.76121498
1787830380,2501.5,2505.75,2501.36,2505.48,98.72228314
1787830440,2505.54,2505.92,2504.7,2505.46,109.13207412
1787830500,2505.46,2505.65,2502.66,2504.35,143.1780477
1787830560,2504.28,2504.98,2502.01,2502.2,83.11664662
1787830620,2502.2,2502.65,2500.09,2501.7,46.01457689
1787830680,2501.73,2502.29,2499.41,2500.2,87.66212601
1787830740,2500.13,2501.56,2499.41,2499.41,90.8875161
1787830800,2499.5,2501.42,2499.5,2500.04,64.57929364
1787830860,2500.04,2502.58,2500.03,2502.3,55.39210799
1787830920,2502.3,2502.6,2501.2,2502.6,57.69182454
1787830980,2502.87,2504.18,2502.59,2503.97,170.25353249
1787831040,2503.96,2503.96,2503.36,2503.77,15.8525725
1787831100,2503.76,2503.76,2502.16,2502.77,64.86077958
1787831160,2502.94,2502.98,2500.2,2501.38,128.63735918
1787831220,2501.38,2502.94,2500.87,2500.87,115.1543932
1787831280,2500.87,2501.7,2500.34,2500.4,19.29096542
1787831340,2500.51,2500.74,2498.96,2498.96,59.84030811
1787831400,2498.83,2499.54,2497.3,2497.46,125.75706714
1787831460,2497.55,2499.63,2492.72,2498.99,285.80123433
1787831520,2498.91,2501.18,2498.91,2500.82,112.25139375
1787831580,2500.8,2502.24,2500.41,2502.02,54.98420624
1787831640,2502.19,2502.62,2501.85,2502.6,49.56481256
1787831700,2502.61,2502.61,2500.72,2501.62,107.4405141
1787831760,2501.66,2502.16,2500.94,2501.68,40.01594755
1787831820,2501.67,2502.16,2501.06,2501.34,66.37795943
1787831880,2501.34,2501.94,2501.19,2501.54,38.09116777
1787831940,2501.54,2501.68,2501.4,2501.58,16.57768346
1787832000,2501.49,2503.25,2501.32,2503.0,42.6705975
1787832060,2503.01,2503.54,2501.99,2503.53,41.03037914
1787832120,2503.53,2503.53,2500.88,2502.55,42.27179755
1787832180,2502.56,2502.86,2501.04,2501.56,25.39525639
1787832240,2501.59,2501.59,2500.74,2501.35,32.73557528
1787832300,2501.43,2503.35,2500.8,2502.18,215.24675384
1787832360,2502.27,2503.12,2501.13,2501.45,115.54299926
1787832420,2501.44,2501.82,2500.53,2500.53,44.6316984
1787832480,2500.54,2501.05,2500.0,2500.0,59.01124049
1787832540,2499.93,2502.4,2499.93,2501.5,167.59262269
1787832600,2501.5,2503.36,2501.5,2503.1,52.75695884
1787832660,2503.24,2506.71,2503.24,2505.29,130.12312523
1787832720,2505.28,2505.81,2504.64,2504.81,76.54225784
1787832780,2504.8,2504.81,2503.19,2504.0,89.36841266
1787832840,2504.19,2505.63,2504.07,2505.12,43.43564286
1787832900,2505.13,2507.23,2505.13,2506.03,94.60673466
1787832960,2505.95,2506.07,2504.68,2504.68,52.05082003
1787833020,2504.64,2505.07,2503.27,2504.05,51.25243376
1787833080,2504.05,2504.21,2502.76,2503.05,38.70881329
1787833140,2503.04,2503.72,2502.73,2502.93,5.25703401
1787833200,2502.87,2504.46,2502.87,2504.33,17.9322978
1787833260,2504.33,2504.52,2503.31,2504.46,20.80308404
1787833320,2504.46,2505.18,2503.41,2505.18,57.39949421
1787833380,2505.19,2505.84,2504.09,2504.48,64.95218194
1787833440,2504.48,2504.96,2503.94,2504.87,87.74147667
1787833500,2504.87,2506.82,2504.75,2506.8,103.27151773
1787833560,2506.79,2507.84,2505.8,2507.29,122.35918459
1787833620,2507.29,2507.31,2506.35,2506.78,38.11172319
1787833680,2506.61,2506.94,2504.96,2505.49,14.19821023
1787833740,2505.49,2506.2,2505.28,2506.2,17.67386522
1787833800,2506.16,2506.17,2504.43,2505.06,23.66057249
1787833860,2505.28,2505.74,2504.0,2504.0,70.12751327
1787833920,2503.99,2504.07,2502.41,2502.41,81.63981109
1787833980,2502.4,2502.72,2500.92,2501.04,63.03257195
1787834040,2501.04,2501.32,2500.3,2500.3,76.50520724
1787834100,2500.27,2500.48,2498.47,2498.68,143.80141221
1787834160,2498.98,2499.79,2496.33,2496.33,154.63072416
1787834220,2496.73,2498.79,2496.61,2498.01,128.22605333
1787834280,2498.01,2500.03,2497.3,2498.89,127.21355696
1787834340,2498.95,2501.33,2498.95,2500.42,68.28081749
1787834400,2500.59,2501.12,2499.2,2499.46,129.01363011
1787834460,2499.46,2500.18,2499.21,2499.63,78.57467847
1787834520,2499.42,2499.91,2498.25,2498.54,68.64485348
1787834580,2498.54,2498.62,2497.55,2498.17,77.65452799
1787834640,2498.17,2498.17,2496.24,2496.34,37.60568169
1787834700,2496.34,2497.32,2496.33,2496.93,31.29519535
1787834760,2497.03,2498.32,2497.03,2498.32,12.28945051
1787834820,2498.32,2498.88,2497.92,2498.04,22.89652133
1787834880,2497.92,2499.04,2497.81,2498.68,17.8686648
1787834940,2498.67,2499.3,2498.27,2499.3,30.86914006
1787835000,2499.3,2499.63,2498.67,2499.63,64.90485993
1787835060,2499.63,2500.0,2498.01,2498.14,59.85504216
1787835120,2498.15,2499.38,2497.68,2497.92,55.77000802
1787835180,2497.67,2497.96,2497.42,2497.93,18.5189025
1787835240,2497.94,2499.19,2497.93,2498.26,15.39485077
1787835300,2498.26,2499.47,2498.04,2498.3,23.16275804
1787835360,2498.3,2498.91,2498.09,2498.61,63.41152405
1787835420,2498.63,2498.72,2498.44,2498.45,12.32428201
1787835480,2498.45,2498.88,2497.4,2497.4,14.09454108
1787835540,2497.4,2497.4,2492.55,2495.36,525.05709711
1787835600,2495.04,2497.93,2494.6,2496.75,109.7977245
1787835660,2496.92,2498.24,2496.65,2497.56,100.28444878
1787835720,2497.68,2498.24,2497.05,2497.7,77.65207752
1787835780,2497.7,2498.49,2496.73,2496.73,44.3469823
1787835840,2496.72,2496.96,2495.7,2495.92,81.76362761
1787835900,2495.92,2496.43,2495.08,2496.43,48.61267406
1787835960,2496.44,2497.43,2496.44,2497.24,40.57462804
1787836020,2497.23,2498.55,2497.02,2498.54,15.37128814
1787836080,2498.42,2500.66,2498.07,2498.96,74.94943528
1787836140,2498.96,2498.96,2496.33,2496.33,57.46739165
1787836200,2496.46,2498.58,2496.29,2497.86,42.22756914
1787836260,2497.86,2499.0,2496.49,2497.74,120.9408925
1787836320,2497.74,2498.83,2497.67,2498.61,74.15543296
1787836380,2498.6,2498.73,2497.65,2498.73,26.73488293
1787836440,2498.72,2498.72,2497.6,2497.95,40.87667916
1787836500,2497.95,2499.93,2497.95,2499.86,19.89649086
1787836560,2499.83,2502.27,2499.08,2500.56,76.22739958
1787836620,2500.49,2500.88,2498.33,2498.33,18.7886548
1787836680,2498.33,2499.0,2496.96,2497.21,16.95755452
1787836740,2497.21,2498.24,2497.05,2497.47,76.45357229
1787836800,2497.47,2499.2,2497.32,2499.2,23.59395434
1787836860,2499.19,2501.22,2499.0,2500.5,233.7964718
1787836920,2500.55,2502.74,2500.17,2501.9,182.44589037
1787836980,2501.89,2504.0,2500.84,2502.3,323.78305584
1787837040,2502.3,2502.6,2501.55,2502.47,79.32333307
1787837100,2502.48,2506.97,2501.16,2505.65,899.49371699
1787837160,2505.48,2507.01,2505.47,2506.8,191.5408064
1787837220,2506.78,2506.85,2505.25,2506.84,140.79351836
1787837280,2506.85,2507.03,2504.68,2504.73,162.69236876
1787837340,2504.68,2504.68,2502.73,2503.22,79.12006396
1787837400,2503.21,2503.26,2498.42,2502.33,138.69777104
1787837460,2502.43,2503.26,2494.24,2494.24,157.04468984
1787837520,2494.2,2497.42,2491.73,2491.84,277.70385315
1787837580,2491.98,2495.12,2490.61,2495.12,170.75679657
1787837640,2495.19,2496.23,2490.33,2490.42,147.64952046
1787837700,2490.41,2492.48,2489.71,2492.48,163.3278246
1787837760,2492.28,2495.11,2491.73,2494.09,101.17488597
1787837820,2494.16,2495.21,2490.15,2491.85,53.31388909
1787837880,2492.12,2492.76,2487.06,2488.49,226.23724437
1787837940,2487.7,2492.0,2487.0,2492.0,103.28430946
1787838000,2492.05,2493.01,2486.99,2490.16,294.71586337
1787838060,2490.15,2492.36,2486.87,2488.0,85.32628081
1787838120,2487.79,2492.26,2484.8,2491.41,131.10360424
1787838180,2491.41,2492.51,2490.24,2490.95,75.30849702
1787838240,2490.87,2494.24,2489.21,2490.01,243.99487333
1787838300,2489.76,2494.31,2487.95,2493.84,190.52954646
1787838360,2493.44,2496.0,2493.13,2493.25,215.66373063
1787838420,2493.67,2494.71,2485.67,2487.3,185.94428036
1787838480,2487.18,2489.11,2483.0,2487.89,692.53674314
1787838540,2487.93,2488.55,2484.09,2487.73,69.84368766
1787838600,2488.0,2491.24,2488.0,2491.13,81.39285186
1787838660,2491.28,2493.32,2488.93,2491.84,386.60358878
1787838720,2491.65,2495.59,2491.65,2495.26,105.80463637
1787838780,2494.92,2494.95,2492.97,2493.44,39.47825636
1787838840,2493.6,2494.49,2491.84,2493.44,71.40176356
1787838900,2493.45,2496.24,2493.45,2495.21,162.99775782
1787838960,2495.21,2497.93,2494.09,2494.7,201.6168142
1787839020,2494.19,2495.76,2491.2,2495.55,94.27431695
1787839080,2495.6,2497.2,2494.4,2497.11,296.19555579
1787839140,2497.1,2498.51,2495.51,2497.02,123.89750045
1787839200,2496.87,2498.18,2496.01,2496.12,36.10053167
1787839260,2496.1,2496.97,2494.32,2496.0,166.57200888
1787839320,2495.98,2501.72,2495.36,2498.71,154.96085828
1787839380,2498.59,2500.5,2498.01,2500.5,51.86865982
1787839440,2500.54,2504.45,2499.52,2502.68,214.22028462
1787839500,2502.6,2505.0,2502.08,2503.16,152.47175589
1787839560,2502.6,2503.14,2496.03,2496.69,189.44387859
1787839620,2496.56,2496.82,2494.55,2495.99,750.80474904
1787839680,2495.83,2496.05,2492.81,2494.4,77.32188084
1787839740,2494.48,2495.67,2493.74,2494.4,213.315744
1787839800,2494.32,2495.37,2492.24,2492.32,154.78410664
1787839860,2492.32,2493.74,2491.7,2491.76,32.92814334
1787839920,2491.67,2492.49,2488.65,2490.97,136.29311677
1787839980,2490.83,2492.39,2489.21,2492.25,43.12164617
1787840040,2492.24,2493.05,2490.17,2492.38,165.09313156
1787840100,2492.36,2493.3,2491.45,2492.92,33.95119745
1787840160,2493.05,2493.25,2490.32,2493.01,56.41963075
1787840220,2492.9,2496.54,2492.9,2496.09,106.31593441
1787840280,2495.99,2501.63,2495.69,2499.59,169.2344054
1787840340,2499.53,2502.8,2499.2,2501.97,52.58145947
1787840400,2501.96,2505.0,2501.46,2504.01,114.48776966
1787840460,2504.3,2507.77,2500.4,2502.56,276.70757293
1787840520,2502.3,2508.5,2502.08,2507.47,154.8074822
1787840580,2507.23,2508.48,2505.0,2507.37,166.0176071
1787840640,2507.34,2508.24,2504.96,2507.2,90.71391182
1787840700,2507.19,2507.48,2505.52,2507.48,228.32012007
1787840760,2506.94,2507.52,2505.77,2506.72,90.85044143
1787840820,2506.71,2507.03,2504.56,2505.05,88.72369098
1787840880,2505.06,2506.12,2505.06,2506.03,34.76804366
1787840940,2505.89,2508.73,2505.81,2508.35,85.09426009
1787841000,2508.38,2508.85,2504.61,2505.42,197.00318844
1787841060,2505.51,2508.9,2505.51,2507.84,168.41689658
1787841120,2507.64,2508.96,2505.0,2505.0,163.22680078
1787841180,2504.97,2509.05,2504.9,2509.05,219.83369559
1787841240,2509.1,2513.29,2509.1,2511.12,314.53058419
1787841300,2511.12,2514.99,2510.96,2514.04,193.39055282
1787841360,2513.43,2518.51,2512.2,2516.8,387.94684641
1787841420,2516.74,2517.44,2513.4,2514.84,334.77857479
1787841480,2514.56,2518.8,2514.56,2517.48,329.00427924
1787841540,2517.6,2519.22,2516.25,2516.48,395.29116344
1787841600,2516.48,2518.64,2515.62,2518.21,327.38499214
1787841660,2517.74,2519.77,2516.17,2518.62,257.54260661
1787841720,2518.66,2524.32,2517.92,2521.95,524.10045164
1787841780,2521.95,2522.24,2518.08,2520.11,549.81621457
1787841840,2520.04,2522.26,2518.85,2520.8,227.5196599
1787841900,2520.71,2520.71,2517.54,2519.27,215.55069869
1787841960,2519.28,2519.81,2517.88,2518.55,230.04035433
1787842020,2518.85,2519.27,2512.16,2512.69,208.45418795
1787842080,2512.69,2514.84,2512.46,2514.6,132.23264385
1787842140,2514.72,2515.76,2513.28,2513.74,153.9043483
1787842200,2513.7,2515.62,2513.7,2514.33,106.25141921
1787842260,2514.53,2516.26,2513.65,2515.85,88.24686082
1787842320,2516.0,2517.54,2514.09,2514.09,60.33685471
1787842380,2514.08,2514.49,2511.44,2513.1,29.50298426
1787842440,2513.12,2513.92,2511.56,2512.81,52.59904339
1787842500,2512.64,2513.98,2511.9,2512.45,132.30391346
1787842560,2512.64,2515.4,2511.9,2514.57,126.32258934
1787842620,2514.77,2516.48,2513.94,2515.01,74.14369019
1787842680,2515.15,2518.0,2515.0,2517.53,39.69263177
1787842740,2517.38,2519.02,2516.81,2517.65,85.11287342
1787842800,2517.65,2519.53,2516.56,2518.54,196.41268181
1787842860,2518.55,2521.27,2518.26,2520.6,73.8191317
1787842920,2520.59,2521.27,2517.89,2517.9,725.71910285
1787842980,2517.9,2517.9,2514.71,2514.72,126.9325694
1787843040,2514.71,2518.89,2513.92,2518.88,70.3878472
1787843100,2518.9,2524.4,2517.77,2524.21,185.66239573
1787843160,2524.17,2525.8,2521.3,2521.31,154.87602367
1787843220,2521.31,2523.2,2518.48,2518.49,163.23627683
1787843280,2518.41,2522.24,2518.4,2520.12,67.48776935
1787843340,2520.5,2522.91,2519.62,2521.68,289.82215175
1787843400,2521.73,2523.98,2520.88,2521.47,236.35249536
1787843460,2521.47,2524.14,2521.3,2522.91,92.55602839
1787843520,2522.81,2527.82,2522.0,2526.37,234.52426588
1787843580,2526.15,2531.04,2525.34,2528.81,187.22366414
1787843640,2528.77,2530.56,2526.2,2527.0,180.99506281
1787843700,2526.72,2527.73,2524.0,2524.53,102.34939981
1787843760,2524.4,2525.36,2520.31,2522.22,140.635687
1787843820,2522.1,2527.71,2521.4,2527.71,119.45917379
1787843880,2527.75,2528.35,2524.4,2524.54,98.34012309
1787843940,2524.54,2526.4,2524.03,2525.0,121.43212295
1787844000,2524.79,2524.79,2520.32,2521.02,97.10318486
1787844060,2521.03,2522.56,2516.83,2519.16,132.8379338
1787844120,2519.3,2521.56,2519.11,2520.33,64.47446648
1787844180,2520.34,2520.72,2517.61,2519.99,71.88389748
1787844240,2519.99,2521.78,2518.57,2521.52,129.2288143
1787844300,2521.67,2521.67,2518.75,2520.55,160.26859768
1787844360,2520.27,2522.93,2520.01,2522.93,76.37126875
1787844420,2522.2,2525.38,2521.66,2523.11,173.29424547
1787844480,2522.56,2524.05,2521.85,2523.41,227.17011302
1787844540,2523.22,2524.75,2522.15,2524.0,79.69222898
1787844600,2524.15,2524.16,2520.2,2520.61,94.3189981
1787844660,2520.63,2521.74,2519.11,2520.58,103.81688958
1787844720,2520.22,2520.43,2518.62,2519.88,105.1953767
1787844780,2520.01,2520.78,2518.15,2519.82,117.85995539
1787844840,2519.75,2519.75,2516.51,2517.89,18.85350971
1787844900,2517.88,2519.35,2516.81,2518.6,74.03406738
1787844960,2518.53,2521.06,2516.92,2520.48,354.84737177
1787845020,2520.11,2526.02,2519.72,2525.02,339.15252839
1787845080,2525.03,2533.64,2524.49,2529.14,547.57208323
1787845140,2529.15,2531.0,2528.04,2528.23,254.00922913
1787845200,2528.36,2528.66,2522.81,2524.04,312.69995027
1787845260,2524.05,2527.43,2522.25,2527.2,308.64920602
1787845320,2527.2,2530.09,2526.28,2527.88,419.55909389
1787845380,2527.83,2530.29,2526.87,2527.81,132.46073534
1787845440,2527.73,2528.22,2525.81,2526.46,202.83552299
1787845500,2526.46,2527.45,2522.88,2523.71,380.92852448
1787845560,2523.64,2523.92,2521.12,2522.0,42.94973654
1787845620,2522.0,2522.25,2520.11,2520.26,36.79146365
1787845680,2520.39,2523.48,2520.31,2521.8,73.08425629
1787845740,2521.98,2523.49,2521.87,2522.61,16.30830166
1787845800,2522.44,2524.66,2522.44,2523.85,52.51940332
1787845860,2523.84,2524.45,2521.28,2523.85,127.23957908
1787845920,2523.86,2523.86,2521.68,2522.44,102.89515457
1787845980,2522.44,2522.52,2521.25,2521.66,50.20069472
1787846040,2521.65,2523.34,2520.72,2522.68,118.59290198
1787846100,2522.68,2523.36,2520.38,2521.38,66.32811497
1787846160,2521.37,2522.25,2520.19,2521.91,121.29250094
1787846220,2521.91,2523.58,2521.42,2523.21,120.4608759
1787846280,2523.5,2524.09,2522.8,2523.77,63.84537905
1787846340,2523.78,2524.02,2521.82,2522.06,117.55614038
1787846400,2522.13,2524.17,2522.13,2522.81,145.4875071
1787846460,2522.78,2525.36,2522.52,2525.36,84.16077913
1787846520,2525.36,2525.49,2522.78,2524.8,189.44293152
1787846580,2524.8,2527.38,2524.51,2526.85,234.23811223
1787846640,2526.85,2527.67,2525.01,2526.12,233.59978514
1787846700,2526.11,2527.37,2525.02,2526.31,87.9634807
1787846760,2526.09,2526.51,2521.74,2521.78,93.64979233
1787846820,2522.26,2522.56,2518.13,2518.65,135.66381077
1787846880,2518.71,2518.96,2516.8,2518.72,115.088049
1787846940,2518.79,2520.32,2517.87,2520.06,57.63649072
1787847000,2519.92,2523.7,2519.91,2523.7,93.13315817
1787847060,2523.7,2524.69,2522.48,2523.74,138.53577871
1787847120,2523.75,2526.4,2523.54,2526.4,106.88045857
1787847180,2525.95,2527.92,2525.55,2526.97,178.95204814
1787847240,2526.99,2527.08,2522.36,2524.66,117.36052597
1787847300,2524.3,2526.62,2523.88,2526.62,64.19327414
1787847360,2526.62,2528.0,2526.04,2526.26,143.12975176
1787847420,2526.26,2527.74,2526.0,2527.1,103.88024866
1787847480,2527.2,2528.11,2525.91,2526.15,112.28650693
1787847540,2526.16,2528.46,2525.17,2527.24,202.74752534
1787847600,2526.63,2528.65,2525.77,2527.86,215.66020783
1787847660,2527.86,2529.03,2527.05,2528.5,145.92211755
1787847720,2528.45,2528.8,2526.49,2526.49,305.17258351
1787847780,2526.98,2528.63,2526.74,2526.82,423.71476373
1787847840,2526.82,2527.28,2525.41,2527.14,241.1391035
1787847900,2527.15,2528.15,2525.45,2525.82,401.63781913
1787847960,2525.76,2526.5,2525.0,2526.5,158.34462878
1787848020,2526.39,2527.27,2525.98,2526.04,114.2522738
1787848080,2526.06,2526.43,2524.88,2525.31,129.38243944
1787848140,2525.36,2526.07,2522.2,2522.89,162.05085933
1787848200,2522.84,2522.95,2520.4,2521.38,86.79583166
1787848260,2521.37,2522.47,2521.03,2522.36,60.09311805
1787848320,2522.43,2524.08,2521.79,2522.4,59.95607649
1787848380,2522.4,2523.82,2522.15,2523.81,108.91916924
1787848440,2523.8,2523.81,2521.69,2521.69,70.59529532
1787848500,2521.6,2521.81,2519.2,2521.68,103.8865311
1787848560,2521.68,2522.32,2520.0,2522.32,164.8795202
1787848620,2522.4,2524.24,2522.29,2524.23,179.33763621
1787848680,2524.3,2524.48,2522.57,2523.51,59.66735517
1787848740,2523.52,2525.29,2523.01,2524.73,64.11754458
1787848800,2524.72,2528.0,2524.21,2527.75,58.18385936
1787848860,2527.9,2530.6,2527.63,2529.88,151.60492075
1787848920,2529.6,2529.85,2528.85,2529.53,98.56577587
1787848980,2529.5,2531.71,2528.0,2531.71,102.91723133
1787849040,2531.56,2533.94,2531.17,2531.37,388.97246652
1787849100,2531.26,2531.81,2528.25,2530.31,172.70848069
1787849160,2530.3,2530.56,2528.36,2528.36,64.78573451
1787849220,2528.35,2528.47,2526.29,2526.52,90.87369602
1787849280,2526.38,2527.02,2525.38,2526.37,113.18480401
1787849340,2526.4,2527.6,2525.18,2526.98,145.41757661
1787849400,2526.76,2527.26,2525.98,2526.66,32.29824191
1787849460,2526.67,2527.11,2525.48,2526.57,44.70968041
1787849520,2526.36,2526.7,2525.53,2526.7,28.17407344
1787849580,2526.71,2528.56,2526.69,2528.17,127.38194441
1787849640,2528.16,2528.24,2524.9,2525.88,120.49680634
1787849700,2525.89,2525.89,2523.92,2524.4,82.26680269
1787849760,2524.4,2524.8,2523.09,2523.82,70.04241568
1787849820,2523.94,2524.18,2522.78,2522.91,27.48253131
1787849880,2522.94,2523.98,2522.5,2522.54,75.35909772
1787849940,2522.55,2523.86,2522.28,2522.4,75.34981902
1787850000,2522.4,2522.74,2520.75,2520.75,35.66304282
1787850060,2520.76,2521.41,2517.61,2517.64,62.69696481
1787850120,2517.63,2518.95,2516.22,2517.67,119.95592222
1787850180,2517.6,2519.91,2516.49,2519.36,131.66295944
1787850240,2519.36,2520.32,2517.59,2520.22,48.42148201
1787850300,2520.22,2520.46,2518.24,2519.01,101.79917771
1787850360,2519.02,2523.6,2519.02,2521.37,96.16712157
1787850420,2521.39,2522.15,2520.32,2520.55,51.92534957
1787850480,2520.44,2524.24,2520.21,2523.52,29.53467214
1787850540,2523.4,2525.98,2523.4,2524.76,86.73978111
1787850600,2524.81,2527.78,2524.8,2527.04,667.92338764
1787850660,2527.15,2528.07,2525.31,2526.47,33.75038959
1787850720,2526.47,2529.2,2525.43,2529.2,55.3234766
1787850780,2529.2,2531.49,2529.19,2530.08,304.11842855
1787850840,2529.83,2531.49,2529.38,2529.5,198.34801261
1787850900,2529.43,2532.61,2529.2,2531.11,179.64888021
1787850960,2530.79,2531.35,2528.5,2531.0,94.54312639
1787851020,2530.99,2533.18,2530.58,2532.49,145.52266259
1787851080,2532.48,2534.41,2531.97,2532.59,582.2669263
1787851140,2532.57,2534.48,2531.61,2531.91,177.69498549
1787851200,2531.64,2531.64,2530.89,2531.27,121.32277359
1787851260,2531.21,2531.77,2528.03,2528.9,117.54999592
1787851320,2528.9,2529.79,2528.08,2528.46,82.50285956
1787851380,2528.35,2528.35,2526.8,2527.8,84.66668137
1787851440,2527.82,2530.36,2527.73,2529.29,46.18524499
1787851500,2529.29,2529.8,2528.37,2529.15,47.6376364
1787851560,2529.25,2529.51,2528.33,2528.45,180.25359422
1787851620,2528.38,2528.76,2526.02,2526.1,165.96849679
1787851680,2526.1,2527.95,2525.68,2527.14,98.37466257
1787851740,2526.98,2527.06,2523.93,2524.52,124.39703707
1787851800,2524.31,2527.12,2524.31,2527.12,67.16508952
1787851860,2527.14,2527.15,2525.61,2526.32,57.04801726
1787851920,2525.99,2526.99,2524.57,2525.92,101.32552769
1787851980,2525.93,2526.76,2523.92,2523.93,70.20483
1787852040,2523.92,2523.92,2522.85,2523.34,34.13684809
1787852100,2523.33,2524.79,2522.3,2524.25,146.02707094
1787852160,2524.0,2525.11,2523.21,2525.04,79.64986139
1787852220,2525.02,2525.12,2521.44,2521.56,113.62872095
1787852280,2521.55,2523.11,2521.2,2521.41,161.12581555
1787852340,2521.4,2523.12,2521.33,2522.5,60.73496541
1787852400,2522.44,2524.0,2522.2,2522.4,99.65336635
1787852460,2522.43,2523.03,2521.12,2521.36,102.98375959
1787852520,2521.18,2521.6,2517.91,2519.22,156.27069841
1787852580,2519.22,2520.56,2519.22,2520.47,77.14745453
1787852640,2520.36,2520.5,2518.03,2519.15,194.62037197
1787852700,2519.14,2519.14,2516.9,2517.39,97.7861161
1787852760,2517.25,2520.28,2516.3,2519.65,166.4730943
1787852820,2519.37,2520.75,2518.4,2519.79,178.45628109
1787852880,2520.0,2520.07,2518.94,2519.74,179.99353011
1787852940,2519.59,2520.95,2519.59,2520.86,71.9034201
1787853000,2520.95,2522.7,2520.35,2522.52,165.87986838
1787853060,2522.52,2522.77,2520.96,2521.01,109.87282238
1787853120,2521.05,2521.49,2520.17,2521.19,132.16031561
1787853180,2521.05,2521.17,2519.9,2519.9,80.92754677
1787853240,2520.11,2521.04,2519.25,2520.58,59.59285742
1787853300,2520.59,2522.44,2520.47,2521.29,144.17901945
1787853360,2521.23,2522.43,2520.96,2522.01,153.68023006
1787853420,2522.01,2522.38,2519.95,2520.29,69.6851177
1787853480,2520.21,2520.24,2519.05,2519.75,78.54122841
1787853540,2519.64,2519.94,2518.48,2518.49,47.75091769
1787853600,2518.48,2518.94,2516.97,2517.03,65.39494256
1787853660,2516.8,2518.56,2515.77,2516.57,66.76070596
1787853720,2516.56,2517.75,2514.07,2517.75,77.96562387
1787853780,2517.76,2518.57,2517.27,2517.32,75.47989493
1787853840,2517.24,2517.44,2515.71,2515.71,77.16519846
1787853900,2515.74,2517.36,2515.2,2515.35,27.2789197
1787853960,2515.39,2516.4,2515.28,2516.02,79.66119947
1787854020,2516.25,2517.72,2515.4,2516.11,49.96444031
1787854080,2516.11,2517.12,2515.78,2515.79,24.3528801
1787854140,2515.76,2515.82,2514.31,2515.22,75.13095421
1787854200,2515.22,2515.22,2512.15,2513.27,68.74866537
1787854260,2513.28,2513.77,2512.88,2513.28,25.4588295
1787854320,2513.26,2513.28,2507.3,2507.97,583.87191646
1787854380,2507.96,2508.56,2494.83,2497.29,524.72352624
1787854440,2497.35,2500.99,2494.92,2500.57,273.87675627
1787854500,2500.71,2504.0,2500.55,2503.36,72.68842668
1787854560,2503.51,2503.9,2493.97,2495.74,291.25247873
1787854620,2495.54,2495.65,2489.31,2491.19,410.50022387
1787854680,2491.19,2494.78,2491.19,2492.35,171.12012939
1787854740,2492.18,2494.32,2490.6,2490.99,113.96144779
1787854800,2491.0,2492.35,2489.72,2492.05,143.29671736
1787854860,2491.59,2492.1,2488.91,2490.87,165.69903022
1787854920,2490.88,2495.84,2490.88,2494.39,71.88866168
1787854980,2494.39,2497.44,2494.39,2494.66,82.10598387
1787855040,2494.65,2495.92,2494.01,2495.43,73.84434709
1787855100,2495.43,2497.62,2495.26,2496.29,62.90000935
1787855160,2496.03,2496.32,2493.79,2496.32,46.85771002
1787855220,2496.64,2497.53,2496.0,2496.67,66.42620615
1787855280,2496.64,2496.95,2495.12,2495.7,59.65675826
1787855340,2495.7,2496.2,2493.13,2493.71,116.2525249
1787855400,2493.94,2496.6,2492.23,2496.24,103.25319401
1787855460,2496.25,2496.6,2494.41,2495.39,194.4169277
1787855520,2495.39,2496.79,2495.38,2495.78,49.42845389
1787855580,2495.76,2495.76,2491.8,2491.8,57.26183555
1787855640,2491.85,2493.28,2491.84,2492.77,27.79219576
1787855700,2492.76,2495.38,2492.19,2495.38,24.35214488
1787855760,2495.39,2496.68,2495.01,2495.94,69.96537665
1787855820,2495.94,2498.15,2495.82,2497.67,115.45515934
1787855880,2497.61,2498.3,2497.11,2497.78,17.02582352
1787855940,2497.78,2497.96,2495.8,2497.6,72.5456775
1787856000,2497.92,2498.5,2496.51,2497.84,87.21876299
1787856060,2497.66,2498.38,2497.1,2497.6,61.22485413
1787856120,2497.51,2498.35,2495.77,2495.87,65.02287388
1787856180,2495.87,2495.87,2492.8,2495.56,256.64907638
1787856240,2495.6,2497.56,2495.4,2497.16,170.76862414
1787856300,2497.15,2498.97,2495.8,2497.35,255.66031771
1787856360,2497.35,2498.1,2496.99,2498.1,31.52126169
1787856420,2498.1,2499.01,2497.7,2498.73,98.49761826
1787856480,2498.73,2500.42,2498.73,2500.22,152.57654062
1787856540,2499.78,2500.1,2498.44,2498.44,88.10422517
1787856600,2498.32,2498.73,2495.65,2498.01,152.36677418
1787856660,2497.97,2499.88,2497.05,2498.58,280.55009873
1787856720,2498.7,2499.52,2498.44,2499.36,114.34429226
1787856780,2499.36,2502.67,2499.36,2501.6,208.96535672
1787856840,2501.59,2501.66,2500.59,2501.29,48.06966398
1787856900,2501.28,2502.41,2500.73,2500.86,98.58988771
1787856960,2500.86,2502.84,2500.61,2502.67,39.80482081
1787857020,2502.75,2505.3,2502.75,2505.04,110.55178048
1787857080,2505.02,2506.94,2504.46,2505.84,125.47438195
1787857140,2505.72,2507.69,2505.7,2507.24,87.17084755
1787857200,2507.24,2508.35,2505.35,2507.21,198.60508344
1787857260,2507.35,2508.43,2506.43,2506.66,284.33107331
1787857320,2506.66,2507.82,2505.91,2507.1,209.07249087
1787857380,2507.1,2508.45,2506.03,2507.61,270.47512759
1787857440,2507.63,2510.25,2507.63,2508.54,238.44913396
1787857500,2508.48,2509.81,2508.09,2509.25,184.41625184
1787857560,2509.25,2510.44,2509.24,2509.84,163.21361542
1787857620,2509.84,2511.33,2508.17,2508.62,322.03088914
1787857680,2508.82,2511.2,2508.72,2510.94,222.69140242
1787857740,2510.94,2513.32,2510.2,2510.23,311.80936385
1787857800,2510.22,2511.04,2509.53,2510.16,175.52679639
1787857860,2510.44,2511.43,2510.31,2510.62,227.72160591
1787857920,2510.63,2511.94,2510.09,2511.12,269.43703993
1787857980,2510.94,2511.96,2508.89,2509.5,212.61301343
1787858040,2509.34,2511.99,2509.34,2511.67,139.22044513
1787858100,2510.68,2510.77,2508.8,2509.19,85.48654265
1787858160,2509.17,2509.54,2507.81,2509.43,143.70984354
1787858220,2509.44,2510.4,2509.36,2509.83,129.99138697
1787858280,2509.99,2512.55,2509.42,2512.07,197.56805855
1787858340,2512.08,2513.03,2509.73,2510.54,160.21656175
1787858400,2510.55,2511.36,2509.77,2509.94,119.74470693
1787858460,2510.17,2511.89,2510.01,2511.63,85.88705732
1787858520,2511.48,2512.45,2510.57,2510.57,145.24252368
1787858580,2510.4,2511.18,2509.13,2509.82,188.7432879
1787858640,2509.83,2511.6,2509.83,2510.78,172.61995955
1787858700,2510.93,2511.99,2510.46,2510.98,121.50736303
1787858760,2510.98,2512.13,2510.98,2511.4,167.6176871
1787858820,2511.44,2512.29,2509.95,2510.01,94.53137214
1787858880,2509.8,2512.52,2509.8,2511.7,305.36356172
1787858940,2511.71,2512.85,2510.23,2512.43,232.9808389
1787859000,2512.42,2512.99,2511.65,2512.16,96.56994756
1787859060,2512.35,2513.0,2511.9,2512.51,83.29534616
1787859120,2512.22,2514.48,2511.68,2511.68,199.88467591
1787859180,2511.6,2513.76,2510.02,2512.54,205.04773372
1787859240,2512.32,2515.4,2512.2,2513.61,278.78384553
1787859300,2513.35,2513.52,2510.67,2510.78,208.0993335
1787859360,2510.73,2512.8,2509.97,2510.09,211.28813746
1787859420,2510.1,2510.6,2508.2,2510.28,124.66720789
1787859480,2510.28,2511.98,2509.13,2509.57,86.14102087
1787859540,2509.43,2511.04,2509.43,2509.57,132.26033108
1787859600,2509.56,2509.88,2509.02,2509.2,53.69421564
1787859660,2509.2,2509.97,2508.88,2509.61,180.41554082
1787859720,2509.61,2510.67,2509.61,2509.81,155.85974288
1787859780,2509.79,2510.33,2509.36,2509.92,76.58898649
1787859840,2509.95,2511.47,2509.9,2511.03,126.56055908
1787859900,2511.03,2512.34,2510.81,2511.65,106.11269328
1787859960,2511.68,2512.59,2508.9,2509.66,142.49889895
1787860020,2509.65,2509.75,2507.61,2507.82,76.88019271
1787860080,2507.81,2509.84,2507.52,2507.53,108.33382878
1787860140,2507.54,2508.37,2505.22,2506.44,147.62954172
1787860200,2506.43,2507.04,2505.21,2505.88,162.04325189
1787860260,2505.88,2506.28,2503.91,2504.05,276.9668123
1787860320,2504.56,2506.64,2504.56,2506.1,102.16009691
1787860380,2506.33,2507.44,2505.96,2506.09,122.55692735
1787860440,2506.09,2508.45,2506.09,2508.42,149.93199344
1787860500,2508.28,2508.45,2506.56,2507.39,74.8245331
1787860560,2507.39,2507.72,2504.41,2504.41,192.38834982
1787860620,2504.42,2505.21,2503.6,2503.6,86.92764513
1787860680,2503.6,2503.61,2500.3,2500.3,291.38296602
1787860740,2500.21,2501.22,2498.11,2498.25,449.36364597
1787860800,2498.95,2501.9,2498.88,2500.1,145.15798626
1787860860,2500.07,2500.41,2498.44,2498.44,146.5908919
1787860920,2498.44,2498.44,2497.08,2497.72,111.61262797
1787860980,2497.72,2499.06,2496.92,2497.15,123.60097733
1787861040,2497.17,2497.42,2495.5,2495.79,144.1285512
1787861100,2495.8,2500.89,2495.06,2500.43,215.99977547
1787861160,2500.43,2501.24,2499.33,2500.16,121.96397784
1787861220,2500.16,2500.35,2497.24,2497.45,127.0357236
1787861280,2497.44,2498.28,2496.41,2497.44,125.47508767
1787861340,2497.44,2499.51,2497.02,2499.29,98.40907844
1787861400,2499.32,2499.32,2498.07,2498.56,81.18414444
1787861460,2498.55,2499.28,2498.4,2498.5,71.91566956
1787861520,2498.5,2498.71,2496.94,2498.23,75.53613948
1787861580,2498.23,2498.95,2497.02,2497.12,89.0913904
1787861640,2497.18,2497.79,2496.31,2496.41,67.82840247
1787861700,2496.41,2498.76,2496.1,2498.76,50.05124334
1787861760,2498.52,2500.2,2498.32,2500.18,162.47059351
1787861820,2499.75,2500.94,2499.58,2499.82,154.01223183
1787861880,2499.72,2500.15,2499.22,2499.94,44.25375249
1787861940,2499.56,2500.82,2498.68,2500.81,68.38930058
1787862000,2500.81,2502.48,2500.8,2501.95,52.73685663
1787862060,2501.89,2503.89,2501.89,2503.69,40.48021426
1787862120,2503.69,2505.09,2503.36,2503.42,186.4995215
1787862180,2503.42,2503.8,2502.49,2503.18,124.90700696
1787862240,2502.89,2503.45,2501.77,2503.44,23.31394456
1787862300,2503.45,2504.0,2502.08,2503.62,131.88967834
1787862360,2503.53,2505.0,2502.62,2502.62,35.56432659
1787862420,2502.83,2506.01,2502.83,2505.34,59.62129794
1787862480,2505.35,2506.78,2504.15,2504.8,133.73757442
1787862540,2504.76,2504.81,2503.21,2503.4,38.44296402
1787862600,2503.39,2503.77,2503.0,2503.53,38.51262554
1787862660,2503.52,2503.53,2503.0,2503.37,13.17435351
1787862720,2503.15,2505.7,2503.14,2505.37,176.16931239
1787862780,2505.36,2505.78,2503.05,2503.71,135.72854916
1787862840,2503.72,2505.28,2503.72,2504.43,22.51075987
1787862900,2504.48,2505.47,2504.0,2504.31,23.22009519
1787862960,2504.31,2504.66,2504.0,2504.65,11.11584045
1787863020,2504.65,2505.45,2504.18,2505.1,28.35258375
1787863080,2505.08,2506.06,2505.05,2505.49,23.34727602
1787863140,2505.49,2505.82,2504.91,2505.82,4.71740294
1787863200,2505.92,2506.43,2505.72,2505.8,31.65734549
1787863260,2505.81,2505.81,2505.28,2505.44,8.90144952
1787863320,2505.44,2506.7,2504.96,2506.09,35.90435816
1787863380,2506.12,2508.23,2506.12,2506.61,139.83941117
1787863440,2506.61,2507.21,2506.49,2506.71,10.21061986
1787863500,2506.65,2507.41,2505.92,2506.69,29.49066479
1787863560,2506.69,2507.71,2506.68,2507.65,55.11882094
1787863620,2507.64,2508.47,2507.01,2507.23,52.54642132
1787863680,2507.23,2507.24,2506.07,2506.69,68.05976411
1787863740,2506.69,2506.74,2505.18,2506.55,76.37146084
1787863800,2506.55,2506.55,2505.81,2506.0,18.6901182
1787863860,2506.41,2506.81,2505.65,2506.02,10.62964401
1787863920,2505.78,2505.78,2503.15,2503.34,20.9661727
1787863980,2503.16,2503.68,2502.6,2502.61,44.35459254
1787864040,2502.61,2504.22,2502.4,2503.46,72.91434695
1787864100,2503.68,2504.83,2503.63,2504.32,5.32076464
1787864160,2504.32,2504.51,2503.41,2504.51,17.21536088
1787864220,2504.51,2507.0,2504.51,2507.0,25.38617302
1787864280,2507.01,2508.4,2507.01,2508.34,19.61324789
1787864340,2508.33,2508.76,2507.37,2508.73,40.33544029
1787864400,2508.72,2509.6,2505.61,2505.73,59.82848358
1787864460,2505.72,2506.04,2504.02,2505.36,13.21456203
1787864520,2505.36,2506.41,2504.47,2504.97,246.65634822
1787864580,2504.97,2506.66,2504.97,2506.04,33.23853193
1787864640,2506.01,2506.55,2505.81,2505.87,30.03514529
1787864700,2505.86,2505.86,2504.85,2505.2,35.80033957
1787864760,2504.87,2507.52,2504.86,2507.45,71.38224405
1787864820,2507.45,2508.7,2507.45,2508.28,25.90616886
1787864880,2508.27,2508.45,2506.89,2507.15,27.64920103
1787864940,2507.07,2507.15,2506.6,2507.08,6.77529302
1787865000,2506.8,2506.94,2506.43,2506.69,10.99333659
1787865060,2506.79,2508.85,2506.61,2508.84,5.8192556
1787865120,2508.84,2509.39,2508.17,2509.35,49.09920664
1787865180,2509.35,2509.4,2506.54,2506.54,99.54406395
1787865240,2506.41,2506.65,2506.02,2506.07,13.37766709
1787865300,2506.06,2506.5,2505.71,2505.88,29.76009753
1787865360,2506.13,2506.17,2504.75,2505.28,19.67995209
1787865420,2505.06,2505.56,2504.11,2504.79,54.19814814
1787865480,2504.79,2504.79,2503.28,2503.28,8.97310528
1787865540,2503.28,2503.47,2502.19,2502.28,24.37582989
1787865600,2502.28,2502.87,2502.0,2502.09,14.7324683
1787865660,2502.09,2504.4,2500.85,2504.4,97.53267232
1787865720,2504.5,2505.71,2504.5,2505.65,7.22064107
1787865780,2505.66,2506.0,2503.47,2504.01,9.02516115
1787865840,2503.83,2504.73,2503.36,2503.67,132.98524297
1787865900,2503.67,2503.67,2503.06,2503.64,6.79897669
1787865960,2503.57,2503.83,2503.2,2503.83,3.32615319
1787866020,2503.82,2504.0,2503.21,2503.21,45.92347112
1787866080,2503.22,2503.3,2502.7,2502.84,8.72613376
1787866140,2502.91,2503.04,2502.21,2502.46,16.99949159
1787866200,2502.45,2503.87,2502.21,2503.68,7.62056079
1787866260,2503.81,2503.81,2503.27,2503.46,5.98622367
1787866320,2503.47,2505.07,2503.47,2504.69,27.59616231
1787866380,2504.7,2505.29,2504.42,2505.1,16.32995798
1787866440,2505.1,2505.16,2503.37,2503.38,68.78875611
1787866500,2503.38,2503.38,2502.24,2502.95,215.22301515
1787866560,2502.94,2502.94,2500.54,2501.64,43.9995624
1787866620,2501.77,2502.77,2501.58,2502.5,25.17969893
1787866680,2502.5,2502.77,2500.64,2500.72,26.41379468
1787866740,2500.72,2501.08,2500.31,2500.49,12.85332479
1787866800,2500.5,2501.8,2500.0,2500.73,118.24278808
1787866860,2500.71,2501.9,2500.0,2501.71,65.84111717
1787866920,2501.7,2501.71,2500.71,2500.76,37.36353386
1787866980,2500.75,2501.15,2500.0,2500.92,31.70421589
1787867040,2500.76,2500.8,2500.0,2500.3,49.92218882
1787867100,2500.15,2500.63,2499.32,2500.63,127.116169
1787867160,2500.64,2503.01,2500.64,2502.0,22.59213849
1787867220,2502.02,2503.02,2501.97,2502.5,15.92283574
1787867280,2502.09,2502.67,2501.67,2502.0,21.78671665
1787867340,2502.05,2503.04,2502.04,2502.24,16.72464678
1787867400,2502.2,2503.06,2501.52,2501.57,24.06852289
1787867460,2501.6,2501.68,2501.37,2501.46,20.7142446
1787867520,2501.41,2501.55,2500.34,2500.34,19.3456683
1787867580,2500.34,2501.6,2500.34,2501.52,27.20209463
1787867640,2501.59,2503.17,2501.59,2502.9,27.10677061
1787867700,2502.9,2503.62,2502.59,2503.62,10.66954309
1787867760,2503.14,2504.32,2502.98,2503.96,56.21158673
1787867820,2503.99,2504.13,2503.36,2504.13,22.87250589
1787867880,2503.98,2505.0,2503.63,2504.41,24.51356077
1787867940,2504.41,2505.67,2503.74,2505.11,124.26346651
1787868000,2505.28,2508.01,2505.28,2507.67,30.52543408
1787868060,2507.66,2509.82,2507.66,2509.51,208.02047601
1787868120,2509.88,2510.0,2508.48,2510.0,139.30867789
1787868180,2509.39,2510.19,2509.39,2510.19,24.61206632
1787868240,2510.2,2511.68,2509.86,2511.03,90.87891971
1787868300,2511.02,2512.0,2509.51,2510.4,47.09285823
1787868360,2510.39,2511.73,2509.77,2510.7,42.15729582
1787868420,2510.72,2513.5,2510.72,2512.36,107.03691672
1787868480,2512.36,2512.54,2510.44,2510.78,89.13402407
1787868540,2510.7,2512.0,2509.76,2509.76,44.94543754
1787868600,2509.7,2510.58,2509.25,2509.62,59.12667853
1787868660,2509.6,2511.13,2509.45,2511.13,26.80069596
1787868720,2511.14,2511.29,2510.09,2510.98,56.97697664
1787868780,2510.84,2510.95,2509.8,2510.31,22.66823194
1787868840,2510.31,2510.72,2510.07,2510.69,28.40540822
1787868900,2510.66,2512.8,2510.26,2512.43,62.43052126
1787868960,2512.64,2516.27,2512.48,2513.88,181.38875383
1787869020,2513.9,2516.48,2513.64,2515.42,67.54487151
1787869080,2515.68,2517.36,2514.89,2514.92,89.39979427
1787869140,2514.91,2515.77,2514.88,2514.88,87.5669723
1787869200,2514.56,2517.6,2514.4,2515.71,108.32068254
1787869260,2515.53,2516.1,2514.56,2514.69,34.48648424
1787869320,2514.65,2515.4,2514.07,2514.45,46.15150894
1787869380,2514.32,2514.32,2513.36,2514.07,25.46693403
1787869440,2514.08,2514.24,2512.97,2513.25,142.53147917
1787869500,2513.24,2513.49,2512.74,2513.24,57.10551881
1787869560,2513.24,2513.4,2511.62,2512.29,135.82008509
1787869620,2512.29,2512.33,2511.41,2511.69,27.81234841
1787869680,2511.95,2512.63,2510.14,2512.25,74.14338856
1787869740,2512.27,2513.91,2512.12,2513.45,143.18541553
1787869800,2513.36,2513.36,2511.2,2511.27,33.0183515
1787869860,2511.21,2512.65,2511.02,2511.37,233.45651596
1787869920,2511.37,2513.43,2511.31,2513.43,22.21556083
1787869980,2513.43,2514.55,2513.43,2514.43,16.79366659
1787870040,2514.43,2515.03,2514.09,2514.6,25.95256687
1787870100,2514.48,2514.74,2513.31,2513.76,18.50317675
1787870160,2513.76,2514.26,2511.26,2511.89,116.32281634
1787870220,2511.8,2512.49,2509.57,2511.85,364.76996632
1787870280,2511.84,2513.57,2511.84,2513.32,30.42685498
1787870340,2513.1,2514.56,2513.1,2514.4,14.43645934
1787870400,2514.39,2514.39,2512.98,2513.23,28.91181677
1787870460,2513.21,2513.21,2511.85,2511.85,10.35571868
1787870520,2511.84,2513.59,2511.84,2513.28,23.92448093
1787870580,2513.6,2514.56,2513.6,2513.8,22.1307474
1787870640,2513.8,2514.77,2513.61,2513.61,35.55157203
1787870700,2513.61,2513.62,2512.44,2512.78,24.67331886
1787870760,2512.78,2513.05,2511.64,2512.27,35.49486281
1787870820,2512.26,2513.72,2512.02,2513.31,67.67231228
1787870880,2513.32,2514.13,2512.97,2514.1,24.46674945
1787870940,2513.87,2513.87,2512.85,2513.34,17.20648703
1787871000,2513.28,2515.19,2513.28,2513.32,280.78741262
1787871060,2513.31,2514.03,2512.92,2513.85,34.59518526
1787871120,2513.86,2516.36,2513.34,2515.08,49.28596061
1787871180,2515.08,2515.89,2515.08,2515.55,23.2041205
1787871240,2515.46,2515.72,2514.44,2514.44,50.0786185
1787871300,2514.62,2515.29,2514.62,2515.01,20.94342047
1787871360,2514.96,2515.47,2514.69,2515.29,18.18014404
1787871420,2515.33,2515.43,2515.05,2515.14,16.53602043
1787871480,2515.14,2516.34,2515.14,2515.8,29.17653236
1787871540,2515.78,2515.96,2515.61,2515.61,19.82685549
1787871600,2515.62,2515.87,2514.25,2514.49,24.98162855
1787871660,2514.53,2518.1,2514.18,2516.7,311.46245473
1787871720,2516.74,2517.85,2516.74,2517.36,50.96931332
1787871780,2517.41,2517.47,2515.53,2515.56,29.84074076
1787871840,2515.56,2516.26,2514.14,2514.34,56.44072737
1787871900,2514.35,2515.28,2514.35,2514.87,22.23317286
1787871960,2514.88,2515.18,2514.56,2515.18,28.10336642
1787872020,2515.17,2515.93,2514.92,2515.53,28.41613415
1787872080,2515.52,2516.76,2515.52,2516.28,36.69132477
1787872140,2516.28,2516.56,2514.2,2514.2,54.10288217
1787872200,2514.15,2514.55,2513.28,2514.08,60.16065311
1787872260,2513.97,2515.2,2513.7,2513.86,17.58992571
1787872320,2514.03,2514.4,2512.37,2512.53,105.20273084
1787872380,2512.39,2512.94,2512.14,2512.28,16.07198185
1787872440,2512.24,2512.34,2511.32,2511.69,41.2229983
1787872500,2511.85,2512.64,2509.52,2512.57,57.14547322
1787872560,2512.57,2512.67,2511.93,2512.59,7.51839503
1787872620,2512.58,2514.93,2512.54,2514.86,6.63395073
1787872680,2514.78,2515.41,2514.11,2514.29,60.5097464
1787872740,2514.3,2514.72,2513.77,2514.68,9.02934041
1787872800,2514.79,2516.65,2514.79,2516.5,13.72028798
1787872860,2516.44,2516.61,2512.71,2513.25,96.2722162
1787872920,2513.49,2514.98,2513.48,2514.93,10.97256851
1787872980,2514.94,2515.24,2514.28,2514.98,12.67629808
1787873040,2514.98,2515.2,2513.81,2514.48,31.36865162
1787873100,2514.62,2515.0,2513.33,2513.33,10.54906962
1787873160,2513.34,2514.87,2513.32,2513.79,83.58130256
1787873220,2514.59,2514.77,2513.46,2513.72,45.45983859
1787873280,2513.71,2514.05,2513.35,2514.05,21.60245591
1787873340,2514.05,2515.38,2514.04,2514.72,33.52187249
1787873400,2514.6,2515.47,2513.66,2514.21,30.28470816
1787873460,2514.22,2514.59,2513.71,2513.71,17.35340203
1787873520,2513.83,2514.56,2513.71,2514.36,3.64897666
1787873580,2514.36,2514.81,2514.25,2514.81,10.25009773
1787873640,2514.8,2514.85,2513.41,2513.68,10.04018363
1787873700,2513.34,2513.35,2512.77,2512.92,3.91210568
1787873760,2512.95,2514.1,2512.95,2513.46,8.10366957
1787873820,2513.43,2513.45,2512.22,2512.59,9.93877072
1787873880,2512.58,2513.37,2512.39,2513.14,5.18860654
1787873940,2513.14,2513.6,2513.12,2513.6,6.6211161
1787874000,2513.6,2513.92,2513.45,2513.9,14.65039281
1787874060,2513.9,2514.15,2513.4,2513.4,48.2208766
1787874120,2513.38,2514.4,2513.33,2514.08,9.77593443
1787874180,2514.07,2514.07,2512.1,2512.11,28.6371448
1787874240,2512.11,2512.16,2511.36,2511.57,17.96769976
1787874300,2511.43,2512.43,2510.8,2512.02,8.24261602
1787874360,2511.95,2511.95,2510.68,2511.2,18.89059753
1787874420,2511.18,2511.43,2510.16,2510.16,25.00981491
1787874480,2510.33,2511.32,2510.33,2511.29,8.13247143
1787874540,2511.29,2511.75,2511.29,2511.5,14.10279719
1787874600,2511.48,2512.43,2511.36,2512.4,3.59375775
1787874660,2512.41,2513.39,2511.75,2511.76,24.8908555
1787874720,2511.69,2513.08,2511.1,2512.77,65.93586333
1787874780,2512.75,2512.88,2512.03,2512.73,9.86230662
1787874840,2512.72,2512.96,2512.1,2512.37,23.82929078
1787874900,2512.49,2512.49,2511.56,2511.95,31.34107403
1787874960,2511.88,2512.25,2510.77,2510.78,22.71739026
1787875020,2510.77,2510.85,2510.04,2510.11,47.12184503
1787875080,2510.28,2511.59,2510.11,2511.58,55.13470258
1787875140,2511.59,2511.73,2511.29,2511.67,11.31837581
