ts,y,ao,ah,al,sigma,p_up,loss_ens,loss_cal,cp_prob,cal_05,cal_10,cal_25,cal_40,cal_50,cal_60,cal_75,cal_90,cal_95,loss_empirical,loss_ewma,loss_garch,loss_har,loss_bocpd,loss_hmm,loss_online_qr,loss_lgbm,t_b,t_u,t_d,g_b,g_u,g_d,g_p,g_05,g_25,g_75,g_95,g_eff,g2_b,g2_u,g2_d,c2_in,g3_b,g3_u,g3_d,c3_in,g4_b,g4_u,g4_d,c4_in,g5_b,g5_u,g5_d,c5_in,g5_o,s2,d2,s3,d3,s4,d4,s5,d5,s6,d6,c6_in,s7,d7,c7_in,s8,d8,c8_in,s9,d9,c9_in,s10,d10,c10_in,s11,d11,c11_in,s12,d12,c12_in,s13,d13,c13_in,s14,d14,c14_in,s15,d15,c15_in,lk_h,lk_o,lk_b,lk_u,lk_d,lk_r,r3_tn,r3_tx,r3_bn,r3_bx,r5_tn,r5_tx,r5_bn,r5_bx,r8_tn,r8_tx,r8_bn,r8_bx,r13_tn,r13_tx,r13_bn,r13_bx,g_call,g_x
1791244800,0.000350544,-3.69059e-06,0.000420638,-3.69059e-06,0.000256536,0.505976,9.73778e-05,9.70557e-05,0.0591645,-0.000596255,-0.000407962,-0.000214889,-7.62023e-05,4.7737e-06,8.76207e-05,0.000232982,0.000432087,0.000576327,0.000103958,0.000105706,0.00010127,0.000102561,0.000112752,0.000100284,9.95874e-05,9.08074e-05,0.000270253,5.56648e-05,0.00036046,0.000263083,1.25437e-07,0.000284535,0.555837,-0.000554304,-0.000188069,0.00019403,0.000533604,1791225900,,,,1,,,,1,,,,1,,,,1,,0.1721,0,0.1524,0,0.4357,1,0.1438,0,0.1297,0,1,0.333,1,1,0.4235,1,1,0.4077,1,1,0.3917,1,1,0.1476,0,1,0.4102,1,1,0.135,0,1,0.3795,1,1,0.1342,0,1,1,0,0.000263083,1.25437e-07,0.000284535,0,0.056,0.253,0.798,0.163,0.012,0.061,0.659,0.13,0.006,0.016,0.447,0.107,0.005,0.013,0.112,0.076,0,1
1791244860,0.000132806,1.10678e-05,0.000232398,-0.000210312,0.000258751,0.498254,4.42692e-05,4.35361e-05,0.0693375,-0.000467178,-0.000329911,-0.000180939,-6.24415e-05,-1.351e-06,6.59506e-05,0.00018175,0.000356222,0.000477807,5.37295e-05,4.00122e-05,4.22727e-05,4.55181e-05,4.648e-05,5.75016e-05,4.6096e-05,4.19986e-05,-0.000217674,0.000237732,6.15932e-05,0.000194478,0,0.000181332,0.554991,-0.000456283,-0.000151358,0.000153504,0.000465066,1791225900,,,,1,,,,1,,,,1,,,,1,,0.3937,0,0.7685,1,0.7352,1,0.7371,1,0.7236,1,1,0.7487,1,1,0.3359,0,1,0.7435,1,1,0.7206,1,1,0.3686,0,1,0.7484,1,1,0.391,0,1,0.7258,1,1,0.3668,0,1,2,0.000263083,-0.000298328,0.00026398,0,0.000350544,0.235,0.365,0.03,0.143,0.043,0.184,0.02,0.056,0.011,0.042,0.029,0.064,0.007,0.025,0.019,0.053,0,1
1791244920,0.000390936,0,0.000401998,-8.85351e-05,0.000256838,0.495348,0.000113492,0.000114029,0.057777,-0.0004918,-0.000351479,-0.000188266,-6.76491e-05,-3.11172e-06,6.39572e-05,0.000181504,0.000363657,0.000487088,0.000114668,0.000121359,0.000117471,0.000112157,0.000125498,0.000112393,0.000118197,0.000108567,-0.000222686,0.000244595,6.89754e-05,0.000209197,0,0.000210404,0.596988,-0.000484044,-0.000166182,0.000157689,0.000479196,1791225900,,,,0,,,,1,,,,1,,,,1,,0.2288,0,0.2251,0,0.2307,0,0.2224,0,0.2359,0,1,0.2225,0,1,0.2045,0,1,0.2065,0,1,0.2226,0,1,0.2113,0,1,0.458,1,1,0.2321,0,1,0.2203,0,1,0.2166,0,1,3,-3.52451e-05,-0.000258699,0.000222377,2.982e-05,0.000483349,0.363,0.462,0.02,0.084,0.268,0.335,0.01,0.028,0.066,0.187,0.009,0.022,0.052,0.127,0.005,0.009,1,1
1791244980,6.26831e-05,0,0.000409213,-0.000258148,0.000260198,0.502688,3.39383e-05,3.28282e-05,0.0808229,-0.000474849,-0.000343922,-0.000191917,-6.71818e-05,1.95417e-06,6.61679e-05,0.000184222,0.000354377,0.000482837,4.34565e-05,2.84074e-05,3.05943e-05,3.45377e-05,3.36211e-05,4.98028e-05,3.7302e-05,3.19207e-05,0.000226395,3.0082e-05,0.000291896,-0.000201995,0.000183559,0,0.471329,-0.00046951,-0.000161449,0.000154173,0.00047924,1791225900,,,,1,,,,1,,,,0,,,,1,,0.313,0,0.4338,1,0.4782,1,0.2969,0,0.4329,1,1,0.275,0,1,0.4383,1,1,0.2201,0,1,0.4261,1,1,0.2761,0,1,0.2642,0,1,0.2432,0,1,0.292,0,1,0.4364,1,1,4,-0.000293944,0.000233328,0,0.000225622,0.000874286,0.56,0.22,0.021,0.131,0.47,0.189,0.009,0.031,0.346,0.2,0.007,0.015,0.215,0.168,0.004,0.008,0,1
1791245040,-0.000497886,-2.58102e-05,-2.58102e-05,-0.000501575,0.000257735,0.506846,0.000154278,0.000158957,0.064281,-0.000483736,-0.000342883,-0.000187019,-6.4346e-05,4.67445e-06,6.82917e-05,0.000187118,0.000361575,0.000491087,0.000143806,0.000174445,0.00016712,0.000147585,0.00015879,0.000142514,0.000148243,0.000159479,0.00022449,3.87927e-05,0.000289574,-0.000230244,0.000226939,3.46317e-06,0.475681,-0.00050369,-0.000176238,0.000173749,0.000506292,1791225900,,,,1,,,,1,,,,1,,,,1,,0.1159,0,0.1152,0,0.3231,1,0.1166,0,0.1201,0,1,0.2634,1,1,0.1192,0,1,0.2526,1,1,0.2435,1,1,0.0906,0,1,0.1166,0,1,0.1076,0,1,0.2657,1,1,0.3003,1,1,5,-6.06159e-05,0.000239228,9.63683e-06,0.000200832,0.000936969,0.856,0.114,0.211,0.529,0.77,0.071,0.018,0.138,0.719,0.057,0.008,0.022,0.442,0.059,0.008,0.029,0,1
1791245100,0.000121728,-3.68897e-06,0.000173366,-0.000158638,0.000264682,0.516389,4.0806e-05,3.9812e-05,0.0770805,-0.000469462,-0.000330425,-0.000170366,-5.27269e-05,1.01274e-05,7.26213e-05,0.000182054,0.000349126,0.000474561,5.15166e-05,3.86791e-05,4.11321e-05,4.15485e-05,4.48185e-05,5.60639e-05,4.12324e-05,3.86827e-05,0.000212769,4.80458e-05,0.000258972,0.000195303,0,0.000177394,0.536722,-0.00047024,-0.000145587,0.000161908,0.000476709,1791225900,,,,1,,,,1,,,,1,,,,1,,0.6181,1,0.4304,0,0.4347,0,0.4548,0,0.3812,0,1,0.7547,1,1,0.7769,1,1,0.7803,1,1,0.4558,0,1,0.8388,1,1,0.8388,1,1,0.7834,1,1,0.4586,0,1,0.8394,1,1,6,0.000178612,-0.000216984,0.000203586,2.12545e-05,0.000439083,0.03,0.192,0.45,0.284,0.018,0.05,0.036,0.121,0.013,0.052,0.016,0.043,0.01,0.035,0.011,0.029,0,1
1791245160,0.000173345,-3.68852e-06,0.000243412,-3.68858e-05,0.000262587,0.511105,4.97041e-05,4.84496e-05,0.0588139,-0.000437825,-0.000308649,-0.00016727,-5.67875e-05,6.96262e-06,6.58969e-05,0.000177289,0.000344699,0.000459343,6.01194e-05,5.12037e-05,5.12331e-05,5.14631e-05,5.49128e-05,6.2354e-05,5.11094e-05,4.7076e-05,0.000207448,1.88801e-05,0.000256325,0.000198334,0,0.000182276,0.577441,-0.000460209,-0.000151905,0.000160005,0.000475699,1791225900,,,,1,,,,1,,,,1,,,,1,,0.2403,0,0.268,0,0.6863,1,0.689,1,0.7052,1,1,0.651,1,1,0.2546,0,1,0.7267,1,1,0.2409,0,1,0.7332,1,1,0.706,1,1,0.2312,0,1,0.2645,0,1,0.7255,1,1,7,-3.83726e-05,0.000243885,0,0.000221809,0.000560811,0.088,0.306,0.654,0.204,0.02,0.073,0.038,0.125,0.015,0.081,0.01,0.03,0.012,0.046,0.007,0.013,1,1
1791245220,0.000516169,-4.79435e-05,0.000516169,-5.16316e-05,0.000261101,0.501478,0.000177834,0.000179046,0.048948,-0.000427859,-0.000300671,-0.00017052,-6.03291e-05,1.34052e-06,5.1487e-05,0.000153351,0.000311776,0.00042357,0.000149577,0.000177554,0.000169605,0.00016432,0.000183423,0.000147735,0.000185299,0.00017944,0.000196172,8.12477e-06,0.000253486,0.000186559,0,0.000177614,0.509578,-0.000446711,-0.000150945,0.000141614,0.000444658,1791225900,,,,0,,,,1,,,,1,,,,1,,0.1937,0,0.1935,0,0.3909,1,0.1998,0,0.1995,0,1,0.198,0,1,0.1818,0,0,0.2026,0,1,0.1821,0,1,0.1874,0,1,0.1809,0,1,0.3102,1,1,0.1853,0,0,0.189,0,1,8,0.000205512,-0.000223588,0.000170783,4.83076e-06,0.000734156,0.405,0.535,0.021,0.085,0.198,0.403,0.009,0.028,0.154,0.303,0.006,0.014,0.175,0.237,0.003,0.006,0,1
1791245280,0.000316943,5.5288e-05,0.000316943,-2.21161e-05,0.000268587,0.504706,9.18187e-05,9.00311e-05,0.0911492,-0.000474508,-0.000348968,-0.000193433,-7.02761e-05,3.60392e-06,6.50404e-05,0.000179063,0.000343045,0.000472995,9.40019e-05,9.11604e-05,9.12561e-05,9.10503e-05,9.12855e-05,9.07699e-05,9.62342e-05,8.75523e-05,0.000224724,2.26557e-05,0.000301547,-0.000211375,0.000187811,9.65515e-06,0.478833,-0.000491902,-0.000172044,0.000158758,0.000503093,1791225900,,,,0,,,,0,,,,0,,,,1,,0.1967,0,0.4604,1,0.4818,1,0.5055,1,0.4816,1,1,0.4123,1,1,0.4471,1,0,0.4377,1,0,0.4745,1,1,0.4208,1,1,0.1943,0,1,0.4244,1,1,0.1724,0,0,0.3705,1,0,9,-1.80757e-05,0.000190181,1.33748e-05,0.000184869,0.00125033,0.37,0.532,0.021,0.118,0.329,0.445,0.008,0.024,0.247,0.332,0.004,0.008,0.234,0.275,0.003,0.004,0,1
1791245340,0.000184223,5.52705e-05,0.000331577,5.52705e-05,0.000269639,0.502906,5.54978e-05,5.32777e-05,0.103754,-0.000469234,-0.000338444,-0.000183043,-7.10238e-05,2.46902e-06,6.12228e-05,0.000175143,0.000332139,0.000471534,6.17859e-05,5.42875e-05,5.43829e-05,5.37572e-05,5.26446e-05,6.61168e-05,5.92072e-05,5.28293e-05,0.000215704,1.25775e-05,0.000277304,0.000206129,0,0.000210276,0.505421,-0.000497851,-0.000167837,0.000159185,0.000508147,1791225900,,,,1,,,,0,,,,0,,,,0,,0.451,1,0.4667,1,0.1248,0,0.4569,1,0.1454,0,1,0.1283,0,1,0.1199,0,0,0.4475,1,0,0.1288,0,1,0.4568,1,1,0.4793,1,1,0.4643,1,1,0.4741,1,1,0.0914,0,0,10,0.000172105,-0.000212334,0.000195389,0,0.00156727,0.439,0.379,0.02,0.154,0.345,0.301,0.007,0.021,0.264,0.25,0.004,0.007,0.203,0.202,0.003,0.003,0,1
1791245400,0.000162088,7.36822e-06,0.000162088,-5.89477e-05,0.000268198,0.511891,4.83993e-05,4.62894e-05,0.094583,-0.000449021,-0.000319057,-0.000165907,-5.87753e-05,7.78743e-06,6.64779e-05,0.000175687,0.000317934,0.000443888,5.79199e-05,4.81016e-05,4.81468e-05,4.76152e-05,4.8246e-05,6.06143e-05,4.98302e-05,4.70287e-05,0.000205939,2.33987e-05,0.000243324,0.000198801,0,0.000181989,0.55445,-0.000474548,-0.000157244,0.000159327,0.000484918,1791225900,,,,1,,,,1,,,,0,,,,0,,0.2757,0,0.2672,0,0.2993,0,0.2918,0,0.2851,0,0,0.6513,1,1,0.6581,1,0,0.698,1,0,0.6813,1,1,0.6488,1,0,0.6966,1,0,0.3075,0,0,0.6911,1,0,0.7677,1,1,11,-4.02288e-05,0.000210594,3.16178e-06,0.000178953,0.00175149,0.376,0.545,0.02,0.207,0.297,0.408,0.007,0.028,0.266,0.361,0.004,0.007,0.21,0.261,0.003,0.004,0,1
1791245460,0.00014733,-3.68353e-06,0.00014733,-3.68353e-06,0.00026649,0.516642,4.51325e-05,4.27637e-05,0.083714,-0.000431704,-0.000301594,-0.000158057,-5.53252e-05,1.08323e-05,6.36026e-05,0.00016521,0.000310829,0.000433635,5.54023e-05,4.39553e-05,4.47238e-05,4.32568e-05,4.51705e-05,5.5291e-05,4.66037e-05,4.39105e-05,0.000194694,5.83319e-06,0.000231856,-0.000189402,0.000169847,0,0.437508,-0.000464469,-0.000149388,0.000153029,0.000476572,1791225900,,,,1,,,,1,,,,1,,,,0,,0.198,0,0.1959,0,0.4922,1,0.2115,0,0.5236,1,0,0.2073,0,0,0.1824,0,0,0.585,1,0,0.5466,1,1,0.2028,0,0,0.2122,0,0,0.199,0,0,0.2155,0,0,0.2048,0,0,12,0.000170365,-0.000189903,0.000167088,8.26797e-06,0.00191358,0.403,0.56,0.025,0.212,0.306,0.422,0.008,0.032,0.261,0.358,0.004,0.007,0.211,0.258,0.002,0.003,0,1
1791245520,-0.000394157,0,0.000114166,-0.000423633,0.000264633,0.519676,0.000120512,0.000125931,0.0728691,-0.000394734,-0.000273558,-0.000143722,-4.72125e-05,1.1306e-05,5.97544e-05,0.000153404,0.000283389,0.000403424,0.00011515,0.000122854,0.000121134,0.000135968,0.000118956,0.000114127,0.000119662,0.000123756,0.000179216,0,0.000198573,0.00016885,0,0.000152551,0.544625,-0.000431277,-0.000134023,0.000136183,0.000440505,1791225900,,,,1,,,,1,,,,1,,,,1,,0.23,0,0.5125,1,0.2389,0,0.5458,1,0.2302,0,0,0.2399,0,1,0.2332,0,0,0.2392,0,1,0.5551,1,1,0.5389,1,1,0.2326,0,0,0.2402,0,0,0.5391,1,1,0.511,1,1,13,-1.95382e-05,0.00019028,7.10038e-07,0.000181117,0.00206091,0.725,0.158,0.31,0.471,0.542,0.122,0.02,0.143,0.481,0.128,0.006,0.014,0.368,0.115,0.003,0.005,0,1
1791245580,-8.84304e-05,-7.3689e-06,-7.3689e-06,-0.000184239,0.000267838,0.523293,3.52794e-05,3.64727e-05,0.0564966,-0.000435544,-0.000305747,-0.000162106,-5.11832e-05,1.52173e-05,7.16624e-05,0.000173079,0.000318268,0.000441412,4.5786e-05,3.36224e-05,3.53545e-05,3.59293e-05,3.54476e-05,4.69903e-05,3.46244e-05,3.50357e-05,0.000202245,4.11426e-05,0.000261634,0.00020582,0,0.00020107,0.531046,-0.000478458,-0.000156472,0.000165628,0.000488811,1791225900,,,,0,,,,1,,,,1,,,,1,,0.4912,1,0.2031,0,0.2142,0,0.2214,0,0.2159,0,1,0.207,0,1,0.4115,1,0,0.2351,0,0,0.1999,0,1,0.4218,1,1,0.2262,0,1,0.4288,1,0,0.2174,0,0,0.4143,1,1,14,0.000170741,0.000205409,0,0.000176754,0.00166675,0.862,0.192,0.381,0.402,0.742,0.093,0.18,0.264,0.631,0.1,0.011,0.041,0.531,0.094,0.003,0.006,0,1
1791245640,-0.000398033,5.52699e-05,8.84304e-05,-0.000398033,0.000265441,0.514937,0.000125753,0.000131148,0.0453888,-0.000375744,-0.000258657,-0.00014127,-4.62338e-05,7.93211e-06,5.71435e-05,0.000147392,0.00028946,0.000400079,0.000116093,0.00012419,0.000122657,0.000127773,0.000116152,0.000115237,0.00012888,0.000131877,0.000173677,0,0.000206734,0.000168919,0,0.000155272,0.527091,-0.000408865,-0.000131449,0.000136817,0.000438808,1791225900,,,,1,,,,0,,,,1,,,,1,,0.4968,1,0.2438,0,0.4506,1,0.4655,1,0.4873,1,1,0.4729,1,1,0.4666,1,1,0.2839,0,1,0.4832,1,1,0.5102,1,1,0.5021,1,1,0.4827,1,1,0.4741,1,1,0.4428,1,1,15,0.00037615,-0.000179466,0.000153548,2.17256e-06,0.00157832,0.02,0.111,0.406,0.547,0.01,0.029,0.315,0.436,0.007,0.012,0.02,0.098,0.005,0.009,0.007,0.022,0,1
1791245700,0.00035013,-9.216e-05,0.00035013,-9.95331e-05,0.000268735,0.511053,9.96533e-05,9.88979e-05,0.0468134,-0.000456281,-0.000312786,-0.000172748,-5.67823e-05,6.92234e-06,6.60862e-05,0.000178464,0.000334835,0.000458883,0.000103091,0.000103836,0.000100402,0.000100251,0.000103614,0.000101179,9.9381e-05,0.000100406,0.000211103,3.11426e-05,0.000270878,-0.000212859,0.000199502,1.44499e-05,0.453945,-0.000493463,-0.000160172,0.000174013,0.000511276,1791225900,,,,1,,,,1,,,,1,,,,1,,0.315,0,0.3347,0,0.3243,0,0.329,0,0.5111,1,1,0.3375,0,1,0.5418,1,1,0.3433,0,1,0.5483,1,1,0.5166,1,1,0.3435,0,1,0.5344,1,1,0.5056,1,1,0.4991,1,1,1,0,-0.000212859,0.000199502,1.44499e-05,0,0.13,0.393,0.746,0.153,0.021,0.102,0.407,0.184,0.011,0.034,0.132,0.132,0.008,0.029,0.007,0.013,0,1
1791245760,0.000350008,0,0.000353691,-9.94983e-05,0.000270603,0.501358,0.000102109,0.000100681,0.049329,-0.000437849,-0.000311846,-0.000168605,-5.84545e-05,7.52594e-07,6.09168e-05,0.000169438,0.000329094,0.000453621,0.000102962,0.000103365,0.000100337,0.000104318,0.000100456,0.000100672,0.000104451,0.000102309,0.000202895,1.20005e-05,0.000262074,0.000201154,0,0.000209936,0.541361,-0.000485976,-0.000159407,0.000161732,0.00051231,1791225900,,,,0,,,,1,,,,1,,,,1,,0.6503,1,0.2323,0,0.6016,1,0.235,0,0.5642,1,1,0.2535,0,1,0.589,1,1,0.2643,0,1,0.5888,1,1,0.264,0,0,0.5825,1,0,0.6044,1,1,0.5797,1,1,0.266,0,0,2,-0.000212859,0.0002417,0,0.000205692,0.00035013,0.401,0.51,0.881,0.127,0.05,0.245,0.564,0.077,0.03,0.106,0.5,0.057,0.037,0.105,0.003,0.006,0,1
1791245820,-6.63079e-05,0,0.000110503,-0.00024315,0.000272418,0.488236,3.13304e-05,3.13395e-05,0.0536184,-0.000464157,-0.000335663,-0.000188654,-7.28978e-05,-7.25533e-06,5.55082e-05,0.000166507,0.000328541,0.000454961,4.31534e-05,3.03797e-05,3.22144e-05,3.21384e-05,3.31307e-05,4.98157e-05,3.3427e-05,2.84993e-05,-0.00021531,0.000224048,7.65937e-05,0.000210705,0,0.000236689,0.524926,-0.000499687,-0.000174121,0.000157349,0.000516171,1791225900,,,,1,,,,1,,,,1,,,,1,,0.5339,1,0.5137,1,0.308,0,0.3227,0,0.3115,0,1,0.5482,1,1,0.3141,0,1,0.3208,0,1,0.5308,1,1,0.3159,0,1,0.3176,0,1,0.5277,1,0,0.3449,0,1,0.3162,0,1,3,2.88409e-05,-0.000255844,0.000204476,0,0.000700138,0.465,0.333,0.025,0.167,0.19,0.259,0.013,0.044,0.042,0.138,0.009,0.036,0.035,0.088,0.003,0.004,0,1
1791245880,-0.00031318,8.84095e-05,9.20931e-05,-0.00033529,0.000269843,0.510489,8.77222e-05,9.03851e-05,0.0429891,-0.000434956,-0.000309074,-0.00016346,-5.3784e-05,6.17592e-06,6.97746e-05,0.000173041,0.000323428,0.000440403,9.22851e-05,9.06022e-05,9.04034e-05,9.03605e-05,8.77917e-05,9.12512e-05,8.36157e-05,8.97653e-05,0.000202879,2.32347e-05,0.00024399,0.00020964,0,0.000209504,0.597824,-0.00048737,-0.000164352,0.000166173,0.000510046,1791225900,,,,1,,,,1,,,,1,,,,1,,0.5528,1,0.3271,0,0.3405,0,0.5234,1,0.5545,1,1,0.4912,1,1,0.3295,0,1,0.521,1,1,0.3236,0,1,0.3441,0,1,0.5229,1,1,0.5355,1,1,0.5417,1,1,0.5482,1,1,4,-0.000227003,0.000221976,0,0.000195359,0.00063383,0.753,0.171,0.195,0.451,0.35,0.111,0.036,0.157,0.02,0.046,0.016,0.085,0.016,0.028,0.005,0.012,1,1
