day,layer,n,wins,base,live
2026-09-02,chain_end_side,96,51,0.5,0
2026-09-02,colour_clear,829,423,0.5,0
2026-09-02,colour_next,1433,717,0.5,0
2026-09-02,colour_path,20062,9931,0.5,0
2026-09-02,reversal_k13_next,85,21,0.0736,0
2026-09-02,reversal_k13_now,47,26,0.0736,0
2026-09-02,reversal_k3_next,83,50,0.2878,0
2026-09-02,reversal_k3_now,51,48,0.2878,0
2026-09-02,reversal_k5_next,54,30,0.176,0
2026-09-02,reversal_k5_now,41,38,0.176,0
2026-09-02,reversal_k8_next,86,29,0.1174,0
2026-09-02,reversal_k8_now,41,32,0.1174,0
2026-09-03,chain_end_side,96,54,0.5,0
2026-09-03,colour_clear,831,389,0.5,0
2026-09-03,colour_next,1436,703,0.5,0
2026-09-03,colour_path,20104,9958,0.5,0
2026-09-03,reversal_k13_next,129,31,0.0785,0
2026-09-03,reversal_k13_now,42,23,0.0785,0
2026-09-03,reversal_k3_next,71,42,0.276,0
2026-09-03,reversal_k3_now,59,55,0.276,0
2026-09-03,reversal_k5_next,49,21,0.175,0
2026-09-03,reversal_k5_now,44,35,0.175,0
2026-09-03,reversal_k8_next,79,27,0.1132,0
2026-09-03,reversal_k8_now,45,26,0.1132,0
2026-09-04,chain_end_side,96,54,0.5,0
2026-09-04,colour_clear,727,360,0.5,0
2026-09-04,colour_next,1433,717,0.5,0
2026-09-04,colour_path,20062,10023,0.5,0
2026-09-04,reversal_k13_next,72,24,0.076,0
2026-09-04,reversal_k13_now,45,26,0.076,0
2026-09-04,reversal_k3_next,62,38,0.3031,0
2026-09-04,reversal_k3_now,56,51,0.3031,0
2026-09-04,reversal_k5_next,49,23,0.192,0
2026-09-04,reversal_k5_now,54,44,0.192,0
2026-09-04,reversal_k8_next,77,31,0.1302,0
2026-09-04,reversal_k8_now,56,36,0.1302,0
2026-09-05,chain_end_side,96,58,0.5,0
2026-09-05,colour_clear,735,361,0.5,0
2026-09-05,colour_next,1409,721,0.5,0
2026-09-05,colour_path,19726,9872,0.5,0
2026-09-05,reversal_k13_next,60,18,0.0799,0
2026-09-05,reversal_k13_now,48,30,0.0799,0
2026-09-05,reversal_k3_next,84,51,0.3038,0
2026-09-05,reversal_k3_now,64,62,0.3038,0
2026-09-05,reversal_k5_next,66,34,0.2101,0
2026-09-05,reversal_k5_now,63,56,0.2101,0
2026-09-05,reversal_k8_next,72,30,0.1465,0
2026-09-05,reversal_k8_now,47,36,0.1465,0
2026-09-06,chain_end_side,96,43,0.5,0
2026-09-06,colour_clear,784,393,0.5,0
2026-09-06,colour_next,1429,708,0.5,0
2026-09-06,colour_path,20006,9931,0.5,0
2026-09-06,reversal_k13_next,58,19,0.076,0
2026-09-06,reversal_k13_now,50,29,0.076,0
2026-09-06,reversal_k3_next,88,52,0.3153,0
2026-09-06,reversal_k3_now,62,59,0.3153,0
2026-09-06,reversal_k5_next,68,33,0.1861,0
2026-09-06,reversal_k5_now,60,47,0.1861,0
2026-09-06,reversal_k8_next,76,26,0.1146,0
2026-09-06,reversal_k8_now,65,39,0.1146,0
2026-09-07,chain_end_side,96,46,0.5,0
2026-09-07,colour_clear,809,385,0.5,0
2026-09-07,colour_next,1434,688,0.5,0
2026-09-07,colour_path,20076,10080,0.5,0
2026-09-07,reversal_k13_next,70,20,0.0729,0
2026-09-07,reversal_k13_now,46,27,0.0729,0
2026-09-07,reversal_k3_next,95,48,0.2948,0
2026-09-07,reversal_k3_now,53,52,0.2948,0
2026-09-07,reversal_k5_next,78,33,0.1882,0
2026-09-07,reversal_k5_now,55,47,0.1882,0
2026-09-07,reversal_k8_next,82,31,0.1174,0
2026-09-07,reversal_k8_now,57,41,0.1174,0
2026-09-08,chain_end_side,96,48,0.5,0
2026-09-08,colour_clear,845,427,0.5,0
2026-09-08,colour_next,1434,752,0.5,0
2026-09-08,colour_path,20076,10055,0.5,0
2026-09-08,reversal_k13_next,58,19,0.0729,0
2026-09-08,reversal_k13_now,52,26,0.0729,0
2026-09-08,reversal_k3_next,92,48,0.2896,0
2026-09-08,reversal_k3_now,71,63,0.2896,0
2026-09-08,reversal_k5_next,48,15,0.1882,0
2026-09-08,reversal_k5_now,59,50,0.1882,0
2026-09-08,reversal_k8_next,78,25,0.1198,0
2026-09-08,reversal_k8_now,54,36,0.1198,0
2026-09-09,chain_end_side,96,54,0.5,0
2026-09-09,colour_clear,791,401,0.5,0
2026-09-09,colour_next,1437,738,0.5,0
2026-09-09,colour_path,20118,10079,0.5,0
2026-09-09,reversal_k13_next,74,19,0.0694,0
2026-09-09,reversal_k13_now,42,24,0.0694,0
2026-09-09,reversal_k3_next,86,56,0.3003,0
2026-09-09,reversal_k3_now,44,40,0.3003,0
2026-09-09,reversal_k5_next,64,30,0.1694,0
2026-09-09,reversal_k5_now,42,30,0.1694,0
2026-09-09,reversal_k8_next,56,18,0.1122,0
2026-09-09,reversal_k8_now,44,30,0.1122,0
2026-09-10,chain_end_side,96,43,0.5,0
2026-09-10,colour_clear,788,396,0.5,0
2026-09-10,colour_next,1431,712,0.5,0
2026-09-10,colour_path,20034,9891,0.5,0
2026-09-10,reversal_k13_next,66,23,0.0795,0
2026-09-10,reversal_k13_now,55,33,0.0795,0
2026-09-10,reversal_k3_next,94,55,0.2951,0
2026-09-10,reversal_k3_now,60,55,0.2951,0
2026-09-10,reversal_k5_next,91,53,0.1885,0
2026-09-10,reversal_k5_now,51,40,0.1885,0
2026-09-10,reversal_k8_next,92,35,0.1233,0
2026-09-10,reversal_k8_now,61,44,0.1233,0
2026-09-11,chain_end_side,96,45,0.5,0
2026-09-11,colour_clear,766,375,0.5,0
2026-09-11,colour_next,1432,696,0.5,0
2026-09-11,colour_path,20048,9949,0.5,0
2026-09-11,reversal_k13_next,52,16,0.0729,0
2026-09-11,reversal_k13_now,42,28,0.0729,0
2026-09-11,reversal_k3_next,83,45,0.2889,0
2026-09-11,reversal_k3_now,50,48,0.2889,0
2026-09-11,reversal_k5_next,77,37,0.1778,0
2026-09-11,reversal_k5_now,39,34,0.1778,0
2026-09-11,reversal_k8_next,68,26,0.1087,0
2026-09-11,reversal_k8_now,45,32,0.1087,0
2026-09-12,chain_end_side,96,45,0.5,0
2026-09-12,colour_clear,685,352,0.5,0
2026-09-12,colour_next,1403,716,0.5,0
2026-09-12,colour_path,19642,9793,0.5,0
2026-09-12,reversal_k13_next,42,10,0.0799,0
2026-09-12,reversal_k13_now,61,31,0.0799,0
2026-09-12,reversal_k3_next,75,44,0.3333,0
2026-09-12,reversal_k3_now,70,63,0.3333,0
2026-09-12,reversal_k5_next,78,41,0.2097,0
2026-09-12,reversal_k5_now,66,56,0.2097,0
2026-09-12,reversal_k8_next,62,20,0.1326,0
2026-09-12,reversal_k8_now,64,46,0.1326,0
2026-09-13,chain_end_side,95,51,0.5,0
2026-09-13,colour_clear,737,381,0.5,0
2026-09-13,colour_next,1418,724,0.5,0
2026-09-13,colour_path,19852,9947,0.5,0
2026-09-13,reversal_k13_next,73,17,0.0653,0
2026-09-13,reversal_k13_now,48,22,0.0653,0
2026-09-13,reversal_k3_next,75,44,0.3181,0
2026-09-13,reversal_k3_now,53,51,0.3181,0
2026-09-13,reversal_k5_next,79,36,0.1892,0
2026-09-13,reversal_k5_now,48,42,0.1892,0
2026-09-13,reversal_k8_next,95,35,0.1226,0
2026-09-13,reversal_k8_now,48,34,0.1226,0
2026-09-14,chain_end_side,96,36,0.5,0
2026-09-14,colour_clear,778,369,0.5,0
2026-09-14,colour_next,1431,705,0.5,0
2026-09-14,colour_path,20034,10200,0.5,0
2026-09-14,reversal_k13_next,85,27,0.0792,0
2026-09-14,reversal_k13_now,50,35,0.0792,0
2026-09-14,reversal_k3_next,67,44,0.2795,0
2026-09-14,reversal_k3_now,43,42,0.2795,0
2026-09-14,reversal_k5_next,58,24,0.1767,0
2026-09-14,reversal_k5_now,42,38,0.1767,0
2026-09-14,reversal_k8_next,67,27,0.1104,0
2026-09-14,reversal_k8_now,52,42,0.1104,0
2026-09-15,chain_end_side,96,41,0.5,0
2026-09-15,colour_clear,791,395,0.5,0
2026-09-15,colour_next,1433,710,0.5,0
2026-09-15,colour_path,20062,10112,0.5,0
2026-09-15,reversal_k13_next,80,25,0.0701,0
2026-09-15,reversal_k13_now,53,25,0.0701,0
2026-09-15,reversal_k3_next,65,39,0.2976,0
2026-09-15,reversal_k3_now,54,51,0.2976,0
2026-09-15,reversal_k5_next,52,30,0.1753,0
2026-09-15,reversal_k5_now,51,43,0.1753,0
2026-09-15,reversal_k8_next,69,33,0.1097,0
2026-09-15,reversal_k8_now,52,35,0.1097,0
2026-09-16,chain_end_side,96,49,0.5,0
2026-09-16,colour_clear,787,395,0.5,0
2026-09-16,colour_next,1436,711,0.5,0
2026-09-16,colour_path,20104,10054,0.5,0
2026-09-16,reversal_k13_next,48,19,0.0816,0
2026-09-16,reversal_k13_now,38,24,0.0816,0
2026-09-16,reversal_k3_next,73,48,0.2736,0
2026-09-16,reversal_k3_now,59,57,0.2736,0
2026-09-16,reversal_k5_next,55,28,0.1861,0
2026-09-16,reversal_k5_now,44,34,0.1861,0
2026-09-16,reversal_k8_next,110,41,0.1274,0
2026-09-16,reversal_k8_now,50,35,0.1274,0
2026-09-17,chain_end_side,96,42,0.5,0
2026-09-17,colour_clear,793,382,0.5,0
2026-09-17,colour_next,1432,699,0.5,0
2026-09-17,colour_path,20048,10009,0.5,0
2026-09-17,reversal_k13_next,48,15,0.0691,0
2026-09-17,reversal_k13_now,38,20,0.0691,0
2026-09-17,reversal_k3_next,83,45,0.2788,0
2026-09-17,reversal_k3_now,58,54,0.2788,0
2026-09-17,reversal_k5_next,74,38,0.1764,0
2026-09-17,reversal_k5_now,37,32,0.1764,0
2026-09-17,reversal_k8_next,80,31,0.1111,0
2026-09-17,reversal_k8_now,43,26,0.1111,0
2026-09-18,chain_end_side,96,47,0.5,0
2026-09-18,colour_clear,800,408,0.5,0
2026-09-18,colour_next,1432,744,0.5,0
2026-09-18,colour_path,20048,10048,0.5,0
2026-09-18,reversal_k13_next,58,19,0.0757,0
2026-09-18,reversal_k13_now,58,31,0.0757,0
2026-09-18,reversal_k3_next,84,54,0.2771,0
2026-09-18,reversal_k3_now,56,51,0.2771,0
2026-09-18,reversal_k5_next,55,31,0.1962,0
2026-09-18,reversal_k5_now,53,40,0.1962,0
2026-09-18,reversal_k8_next,60,28,0.1264,0
2026-09-18,reversal_k8_now,55,34,0.1264,0
2026-09-19,chain_end_side,95,49,0.5,0
2026-09-19,colour_clear,771,373,0.5,0
2026-09-19,colour_next,1433,709,0.5,0
2026-09-19,colour_path,20062,10140,0.5,0
2026-09-19,reversal_k13_next,54,25,0.0861,0
2026-09-19,reversal_k13_now,39,27,0.0861,0
2026-09-19,reversal_k3_next,103,62,0.2889,0
2026-09-19,reversal_k3_now,68,66,0.2889,0
2026-09-19,reversal_k5_next,98,47,0.1969,0
2026-09-19,reversal_k5_now,59,54,0.1969,0
2026-09-19,reversal_k8_next,66,35,0.1271,0
2026-09-19,reversal_k8_now,55,46,0.1271,0
2026-09-20,chain_end_side,96,59,0.5,0
2026-09-20,colour_clear,788,418,0.5,0
2026-09-20,colour_next,1433,755,0.5,0
2026-09-20,colour_path,20062,10081,0.5,0
2026-09-20,reversal_k13_next,46,19,0.0819,0
2026-09-20,reversal_k13_now,50,36,0.0819,0
2026-09-20,reversal_k3_next,88,57,0.2778,0
2026-09-20,reversal_k3_now,63,61,0.2778,0
2026-09-20,reversal_k5_next,98,56,0.1809,0
2026-09-20,reversal_k5_now,71,61,0.1809,0
2026-09-20,reversal_k8_next,60,36,0.1306,0
2026-09-20,reversal_k8_now,55,44,0.1306,0
2026-09-21,chain_end_side,96,56,0.5,0
2026-09-21,colour_clear,802,400,0.5,0
2026-09-21,colour_next,1436,705,0.5,0
2026-09-21,colour_path,20104,10128,0.5,0
2026-09-21,reversal_k13_next,46,17,0.0771,0
2026-09-21,reversal_k13_now,45,26,0.0771,0
2026-09-21,reversal_k3_next,53,33,0.2823,0
2026-09-21,reversal_k3_now,63,62,0.2823,0
2026-09-21,reversal_k5_next,55,26,0.167,0
2026-09-21,reversal_k5_now,61,49,0.167,0
2026-09-21,reversal_k8_next,59,24,0.1198,0
2026-09-21,reversal_k8_now,59,41,0.1198,0
2026-09-22,chain_end_side,96,49,0.5,0
2026-09-22,colour_clear,843,432,0.5,0
2026-09-22,colour_next,1435,731,0.5,0
2026-09-22,colour_path,20090,10107,0.5,0
2026-09-22,reversal_k13_next,51,18,0.0788,0
2026-09-22,reversal_k13_now,44,25,0.0788,0
2026-09-22,reversal_k3_next,69,41,0.2917,0
2026-09-22,reversal_k3_now,60,54,0.2917,0
2026-09-22,reversal_k5_next,53,27,0.1823,0
2026-09-22,reversal_k5_now,61,46,0.1823,0
2026-09-22,reversal_k8_next,65,31,0.1205,0
2026-09-22,reversal_k8_now,53,37,0.1205,0
2026-09-23,chain_end_side,96,55,0.5,0
2026-09-23,colour_clear,812,398,0.5,0
2026-09-23,colour_next,1437,686,0.5,0
2026-09-23,colour_path,20118,10019,0.5,0
2026-09-23,reversal_k13_next,43,13,0.0781,0
2026-09-23,reversal_k13_now,53,32,0.0781,0
2026-09-23,reversal_k3_next,47,22,0.2951,0
2026-09-23,reversal_k3_now,64,58,0.2951,0
2026-09-23,reversal_k5_next,47,27,0.1882,0
2026-09-23,reversal_k5_now,62,49,0.1882,0
2026-09-23,reversal_k8_next,49,21,0.1149,0
2026-09-23,reversal_k8_now,58,42,0.1149,0
2026-09-24,chain_end_side,96,52,0.5,0
2026-09-24,colour_clear,787,381,0.5,0
2026-09-24,colour_next,1436,703,0.5,0
2026-09-24,colour_path,20104,9996,0.5,0
2026-09-24,reversal_k13_next,47,13,0.0667,0
2026-09-24,reversal_k13_now,45,25,0.0667,0
2026-09-24,reversal_k3_next,50,27,0.2844,0
2026-09-24,reversal_k3_now,52,48,0.2844,0
2026-09-24,reversal_k5_next,18,9,0.1851,0
2026-09-24,reversal_k5_now,47,37,0.1851,0
2026-09-24,reversal_k8_next,60,22,0.1215,0
2026-09-24,reversal_k8_now,57,40,0.1215,0
2026-09-25,chain_end_side,96,39,0.5,0
2026-09-25,colour_clear,769,368,0.5,0
2026-09-25,colour_next,1438,694,0.5,0
2026-09-25,colour_path,20132,10118,0.5,0
2026-09-25,reversal_k13_next,68,26,0.0795,0
2026-09-25,reversal_k13_now,40,26,0.0795,0
2026-09-25,reversal_k3_next,61,36,0.2736,0
2026-09-25,reversal_k3_now,51,49,0.2736,0
2026-09-25,reversal_k5_next,28,18,0.1875,0
2026-09-25,reversal_k5_now,47,39,0.1875,0
2026-09-25,reversal_k8_next,49,23,0.1205,0
2026-09-25,reversal_k8_now,46,39,0.1205,0
2026-09-26,chain_end_side,96,56,0.5,0
2026-09-26,colour_clear,717,364,0.5,0
2026-09-26,colour_next,1409,717,0.5,0
2026-09-26,colour_path,19726,9887,0.5,0
2026-09-26,reversal_k13_next,59,16,0.076,0
2026-09-26,reversal_k13_now,44,29,0.076,0
2026-09-26,reversal_k3_next,64,31,0.3181,0
2026-09-26,reversal_k3_now,48,46,0.3181,0
2026-09-26,reversal_k5_next,29,16,0.1934,0
2026-09-26,reversal_k5_now,49,44,0.1934,0
2026-09-26,reversal_k8_next,48,19,0.1247,0
2026-09-26,reversal_k8_now,50,40,0.1247,0
2026-09-27,chain_end_side,96,57,0.5,0
2026-09-27,colour_clear,774,394,0.5,0
2026-09-27,colour_next,1422,722,0.5,0
2026-09-27,colour_path,19908,9933,0.5,0
2026-09-27,reversal_k13_next,62,15,0.0851,0
2026-09-27,reversal_k13_now,46,31,0.0851,0
2026-09-27,reversal_k3_next,109,57,0.2899,0
2026-09-27,reversal_k3_now,45,43,0.2899,0
2026-09-27,reversal_k5_next,44,19,0.1806,0
2026-09-27,reversal_k5_now,45,43,0.1806,0
2026-09-27,reversal_k8_next,68,25,0.1174,0
2026-09-27,reversal_k8_now,53,44,0.1174,0
2026-09-28,chain_end_side,96,54,0.5,0
2026-09-28,colour_clear,778,392,0.5,0
2026-09-28,colour_next,1434,741,0.5,0
2026-09-28,colour_path,20076,10136,0.5,0
2026-09-28,reversal_k13_next,97,27,0.0781,0
2026-09-28,reversal_k13_now,42,24,0.0781,0
2026-09-28,reversal_k3_next,97,60,0.2885,0
2026-09-28,reversal_k3_now,38,37,0.2885,0
2026-09-28,reversal_k5_next,47,19,0.1771,0
2026-09-28,reversal_k5_now,39,34,0.1771,0
2026-09-28,reversal_k8_next,43,15,0.1163,0
2026-09-28,reversal_k8_now,35,24,0.1163,0
2026-09-29,chain_end_side,95,43,0.5,0
2026-09-29,colour_clear,796,394,0.5,0
2026-09-29,colour_next,1436,722,0.5,0
2026-09-29,colour_path,20104,10029,0.5,0
2026-09-29,reversal_k13_next,108,28,0.0722,0
2026-09-29,reversal_k13_now,58,27,0.0722,0
2026-09-29,reversal_k3_next,96,63,0.2868,0
2026-09-29,reversal_k3_now,67,65,0.2868,0
2026-09-29,reversal_k5_next,52,27,0.192,0
2026-09-29,reversal_k5_now,57,48,0.192,0
2026-09-29,reversal_k8_next,62,26,0.1198,0
2026-09-29,reversal_k8_now,48,32,0.1198,0
2026-09-30,chain_end_side,96,46,0.5,0
2026-09-30,colour_clear,798,394,0.5,0
2026-09-30,colour_next,1438,720,0.5,0
2026-09-30,colour_path,20132,10253,0.5,0
2026-09-30,reversal_k13_next,104,26,0.076,0
2026-09-30,reversal_k13_now,45,23,0.076,0
2026-09-30,reversal_k3_next,98,54,0.2844,0
2026-09-30,reversal_k3_now,54,51,0.2844,0
2026-09-30,reversal_k5_next,59,23,0.1806,0
2026-09-30,reversal_k5_now,50,42,0.1806,0
2026-09-30,reversal_k8_next,67,21,0.1208,0
2026-09-30,reversal_k8_now,41,30,0.1208,0
2026-10-01,chain_end_side,96,46,0.5,0
2026-10-01,colour_clear,807,374,0.5,0
2026-10-01,colour_next,1437,711,0.5,0
2026-10-01,colour_path,20118,10177,0.5,0
2026-10-01,reversal_k13_next,104,32,0.0799,0
2026-10-01,reversal_k13_now,54,32,0.0799,0
2026-10-01,reversal_k3_next,85,52,0.2878,0
2026-10-01,reversal_k3_now,73,68,0.2878,0
2026-10-01,reversal_k5_next,147,74,0.1899,0
2026-10-01,reversal_k5_now,55,47,0.1899,0
2026-10-01,reversal_k8_next,54,24,0.1351,0
2026-10-01,reversal_k8_now,47,32,0.1351,0
2026-10-02,chain_end_side,95,52,0.5,0
2026-10-02,colour_clear,720,360,0.5,0
2026-10-02,colour_next,1432,722,0.5,0
2026-10-02,colour_path,20048,9958,0.5,0
2026-10-02,reversal_k13_next,58,14,0.075,0
2026-10-02,reversal_k13_now,52,32,0.075,0
2026-10-02,reversal_k3_next,60,35,0.2875,0
2026-10-02,reversal_k3_now,54,50,0.2875,0
2026-10-02,reversal_k5_next,120,58,0.1965,0
2026-10-02,reversal_k5_now,59,50,0.1965,0
2026-10-02,reversal_k8_next,47,19,0.1267,0
2026-10-02,reversal_k8_now,51,38,0.1267,0
2026-10-03,chain_end_side,96,51,0.5,1
2026-10-03,colour_clear,721,394,0.5,1
2026-10-03,colour_confident,84,51,0.5,1
2026-10-03,colour_next,1404,731,0.5,1
2026-10-03,colour_path,19656,9687,0.5,1
2026-10-03,colour_strong,27,18,0.5,1
2026-10-03,reversal_k13_next,102,33,0.0837,1
2026-10-03,reversal_k13_now,45,34,0.0837,1
2026-10-03,reversal_k3_next,144,77,0.3021,1
2026-10-03,reversal_k3_now,57,53,0.3021,1
2026-10-03,reversal_k5_next,189,77,0.192,1
2026-10-03,reversal_k5_now,61,50,0.192,1
2026-10-03,reversal_k8_next,77,29,0.1219,1
2026-10-03,reversal_k8_now,50,39,0.1219,1
2026-10-04,chain_end_side,96,61,0.5,1
2026-10-04,colour_clear,674,376,0.5,1
2026-10-04,colour_confident,260,162,0.5,1
2026-10-04,colour_next,1417,777,0.5,1
2026-10-04,colour_path,19838,10035,0.5,1
2026-10-04,colour_strong,88,57,0.5,1
2026-10-04,reversal_k13_next,86,31,0.0847,1
2026-10-04,reversal_k13_now,65,39,0.0847,1
2026-10-04,reversal_k3_next,124,74,0.2833,1
2026-10-04,reversal_k3_now,64,59,0.2833,1
2026-10-04,reversal_k5_next,120,58,0.1778,1
2026-10-04,reversal_k5_now,68,61,0.1778,1
2026-10-04,reversal_k8_next,87,41,0.1302,1
2026-10-04,reversal_k8_now,60,47,0.1302,1
2026-10-05,chain_end_side,95,41,0.5,1
2026-10-05,colour_clear,766,431,0.5,1
2026-10-05,colour_confident,103,74,0.5,1
2026-10-05,colour_next,1430,790,0.5,1
2026-10-05,colour_path,20020,10165,0.5,1
2026-10-05,colour_strong,15,12,0.5,1
2026-10-05,reversal_k13_next,73,21,0.0806,1
2026-10-05,reversal_k13_now,68,38,0.0806,1
2026-10-05,reversal_k3_next,49,32,0.308,1
2026-10-05,reversal_k3_now,48,46,0.308,1
2026-10-05,reversal_k5_next,39,21,0.2042,1
2026-10-05,reversal_k5_now,45,39,0.2042,1
2026-10-05,reversal_k8_next,74,27,0.1281,1
2026-10-05,reversal_k8_now,61,47,0.1281,1
2026-10-06,chain_end_side,96,54,0.5,1
2026-10-06,colour_clear,776,406,0.5,1
2026-10-06,colour_confident,168,87,0.5,1
2026-10-06,colour_next,1423,727,0.5,1
2026-10-06,colour_path,19922,9923,0.5,1
2026-10-06,colour_strong,39,20,0.5,1
2026-10-06,reversal_k13_next,71,23,0.0691,1
2026-10-06,reversal_k13_now,63,32,0.0691,1
2026-10-06,reversal_k3_next,45,31,0.3035,1
2026-10-06,reversal_k3_now,61,55,0.3035,1
2026-10-06,reversal_k5_next,49,24,0.1948,1
2026-10-06,reversal_k5_now,56,43,0.1948,1
2026-10-06,reversal_k8_next,89,37,0.1201,1
2026-10-06,reversal_k8_now,66,43,0.1201,1
2026-10-07,chain_end_side,96,36,0.5,1
2026-10-07,colour_clear,746,399,0.5,1
2026-10-07,colour_confident,111,68,0.5,1
2026-10-07,colour_next,1434,752,0.5,1
2026-10-07,colour_path,20076,9846,0.5,1
2026-10-07,colour_strong,30,22,0.5,1
2026-10-07,reversal_k13_next,69,21,0.076,1
2026-10-07,reversal_k13_now,49,26,0.076,1
2026-10-07,reversal_k3_next,54,27,0.2865,1
2026-10-07,reversal_k3_now,43,41,0.2865,1
2026-10-07,reversal_k5_next,54,20,0.183,1
2026-10-07,reversal_k5_now,46,38,0.183,1
2026-10-07,reversal_k8_next,93,30,0.1163,1
2026-10-07,reversal_k8_now,59,40,0.1163,1
2026-10-08,chain_end_side,96,44,0.5,1
2026-10-08,colour_clear,827,459,0.5,1
2026-10-08,colour_confident,89,53,0.5,1
2026-10-08,colour_next,1434,757,0.5,1
2026-10-08,colour_path,20076,9984,0.5,1
2026-10-08,colour_strong,20,10,0.5,1
2026-10-08,reversal_k13_next,66,21,0.0764,1
2026-10-08,reversal_k13_now,49,30,0.0764,1
2026-10-08,reversal_k3_next,71,37,0.267,1
2026-10-08,reversal_k3_now,72,66,0.267,1
2026-10-08,reversal_k5_next,71,30,0.1833,1
2026-10-08,reversal_k5_now,62,47,0.1833,1
2026-10-08,reversal_k8_next,120,44,0.1153,1
2026-10-08,reversal_k8_now,64,40,0.1153,1
2026-10-09,chain_end_side,52,26,0.5,1
2026-10-09,colour_clear,465,248,0.5,1
2026-10-09,colour_confident,85,52,0.5,1
2026-10-09,colour_next,785,400,0.5,1
2026-10-09,colour_path,10990,5511,0.5,1
2026-10-09,colour_strong,16,13,0.5,1
2026-10-09,reversal_k13_next,42,12,0.0706,1
2026-10-09,reversal_k13_now,27,16,0.0706,1
2026-10-09,reversal_k3_next,41,21,0.2948,1
2026-10-09,reversal_k3_now,34,33,0.2948,1
2026-10-09,reversal_k5_next,40,16,0.1853,1
2026-10-09,reversal_k5_now,26,20,0.1853,1
2026-10-09,reversal_k8_next,46,17,0.1236,1
2026-10-09,reversal_k8_now,22,12,0.1236,1
