made_ts,for_ts,side,p,level,eff,hit
1787962080,1787962080,1,0.4939,2445.28,1787961900,1
1787962500,1787962440,-1,0.516,2441.95,1787962500,1
1787962860,1787962800,1,0.4951,2446.08,1787962800,0
1787963580,1787963520,-1,0.5734,2442.57,1787963400,1
1787964540,1787964540,-1,0.4922,2441.91,1787964300,1
1787964960,1787964900,1,0.5828,2444.79,1787964900,1
1787966760,1787966700,1,0.4977,2443.93,1787966700,0
1787967540,1787967480,-1,0.4948,2442.25,1787967300,1
1787968080,1787968020,-1,0.5442,2441.86,1787967900,1
1787968260,1787968260,1,0.4919,2444.76,1787968200,1
1787968680,1787968680,-1,0.523,2442.68,1787968500,1
1787969760,1787969760,-1,0.4892,2441.39,1787969700,0
1787970000,1787969940,-1,0.5028,2439.24,1787970000,0
1787970240,1787970240,-1,0.5032,2437.3,1787970000,0
1787970900,1787970840,-1,0.4868,2435.5,1787970900,1
1787971140,1787971140,1,0.4945,2439.63,1787970900,1
1787972040,1787972040,1,0.4911,2439.45,1787971800,1
1787973720,1787973660,1,0.537,2440.68,1787973600,1
1787974500,1787974440,-1,0.5113,2438.87,1787974500,0
1787974680,1787974620,-1,0.5299,2437.59,1787974500,1
1787975100,1787975040,1,0.5569,2440.07,1787975100,1
1787975160,1787975160,-1,0.5008,2437.17,1787975100,0
1787975520,1787975460,-1,0.5464,2435.61,1787975400,1
1787976240,1787976180,1,0.5167,2439.03,1787976000,1
1787978400,1787978400,1,0.4829,2439.65,1787978400,0
1787979300,1787979300,1,0.4989,2440.7,1787979300,1
1787979840,1787979840,1,0.5439,2441.51,1787979600,0
1787980440,1787980440,1,0.5204,2442.16,1787980200,1
1787980980,1787980920,-1,0.4782,2439.79,1787980800,1
1787981220,1787981220,1,0.4979,2441.08,1787981100,1
1787981820,1787981820,1,0.4817,2440.97,1787981700,0
1787982060,1787982000,1,0.5607,2441.91,1787982000,1
1787982780,1787982780,-1,0.5119,2439.41,1787982600,0
1787983020,1787982960,-1,0.5454,2438.22,1787982900,0
1787983380,1787983320,-1,0.5465,2436.54,1787983200,0
1787983800,1787983740,-1,0.5124,2436.15,1787983800,0
1787984040,1787984040,-1,0.4894,2434.12,1787983800,1
1787984580,1787984580,-1,0.494,2430.95,1787984400,1
1787985120,1787985060,1,0.4911,2432.93,1787985000,0
1787987160,1787987160,1,0.4982,2437.67,1787987100,1
1787987340,1787987280,-1,0.5715,2434.62,1787987100,1
1787987760,1787987760,-1,0.486,2434.32,1787987700,1
1787987940,1787987880,1,0.4869,2436.18,1787987700,0
1787989200,1787989140,1,0.5197,2438.28,1787989200,1
1787990460,1787990460,-1,0.5077,2434.83,1787990400,0
1787990700,1787990640,-1,0.7442,2431.45,1787990700,1
1787991840,1787991840,1,0.5171,2435.39,1787991600,0
1787992080,1787992080,1,0.494,2435.96,1787991900,1
1787992320,1787992260,-1,0.5068,2434.04,1787992200,0
1787993160,1787993100,-1,0.5031,2431.7,1787993100,1
1787993700,1787993700,-1,0.4969,2431.4,1787993700,1
1787994000,1787993940,1,0.5416,2434.49,1787994000,0
1787994360,1787994360,1,0.5505,2436.67,1787994300,1
1787995620,1787995620,-1,0.4874,2434.24,1787995500,0
1787995980,1787995980,1,0.5175,2435.6,1787995800,0
1787996760,1787996700,-1,0.5062,2435.56,1787996700,0
1787996940,1787996940,-1,0.4955,2435.4,1787996700,0
1787997660,1787997660,-1,0.5182,2434.71,1787997600,0
1787997900,1787997840,-1,0.5641,2433.4,1787997900,0
1787998500,1787998440,1,0.5211,2434.33,1787998500,0
1787998680,1787998620,1,0.6687,2437.19,1787998500,0
1788001200,1788001140,-1,0.5197,2434.88,1788001200,0
1788001980,1788001920,1,0.5443,2435.9,1788001800,0
1788002160,1788002100,1,0.7125,2438.7,1788002100,1
1788004140,1788004140,1,0.5375,2436.95,1788003900,1
1788005100,1788005100,1,0.5239,2436.73,1788005100,1
1788005460,1788005400,-1,0.5412,2435.5,1788005400,1
1788005760,1788005700,1,0.5291,2437.57,1788005700,0
1788005940,1788005880,1,0.5088,2439.04,1788005700,1
1788006240,1788006180,-1,0.5569,2436.27,1788006000,0
1788007140,1788007140,1,0.5026,2435.44,1788006900,0
1788007380,1788007380,1,0.5018,2435.49,1788007200,1
1788008400,1788008400,1,0.4989,2434.78,1788008400,1
1788009420,1788009360,1,0.5132,2436.23,1788009300,1
1788009540,1788009540,-1,0.5448,2433.39,1788009300,1
1788009900,1788009900,1,0.5126,2435.13,1788009900,0
1788010620,1788010620,1,0.5269,2435.4,1788010500,1
1788011340,1788011340,1,0.5123,2435.76,1788011100,0
1788012600,1788012540,1,0.5278,2437.54,1788012600,1
1788013440,1788013380,1,0.5072,2437.4,1788013200,0
1788014400,1788014400,1,0.4938,2437.88,1788014400,0
1788014640,1788014580,1,0.9373,2449,1788014400,0
1788014880,1788014820,1,0.7895,2453.25,1788014700,1
1788015780,1788015720,-1,0.5488,2445.08,1788015600,1
1788019260,1788019260,1,0.4845,2445.22,1788019200,0
1788019800,1788019740,1,0.509,2447.3,1788019800,0
1788020220,1788020160,1,0.7924,2457.79,1788020100,1
1788020580,1788020580,-1,0.5318,2449.24,1788020400,0
1788020820,1788020760,-1,0.5896,2445.98,1788020700,1
1788021720,1788021660,1,0.5047,2452.01,1788021600,1
1788022260,1788022200,1,0.5124,2453.69,1788022200,0
1788024060,1788024000,-1,0.594,2450.9,1788024000,0
1788024480,1788024480,-1,0.5081,2449.38,1788024300,0
1788024960,1788024900,-1,0.557,2445.72,1788024900,1
1788026100,1788026040,-1,0.5026,2448.01,1788026100,1
1788026460,1788026400,1,0.562,2452.2,1788026400,1
1788027660,1788027600,-1,0.4957,2445.93,1788027600,1
1788027840,1788027780,1,0.5722,2449.47,1788027600,1
1788028200,1788028200,-1,0.4859,2447.05,1788028200,1
1788028680,1788028620,1,0.5176,2451.9,1788028500,0
1788028920,1788028860,1,0.5223,2455.09,1788028800,1
1788029760,1788029700,-1,0.5026,2452.95,1788029700,0
1788030840,1788030780,1,0.5269,2457.32,1788030600,0
1788031020,1788030960,1,0.5136,2458.16,1788030900,1
1788032340,1788032280,-1,0.5205,2454.4,1788032100,0
1788033060,1788033060,-1,0.4873,2454.09,1788033000,0
1788033300,1788033300,-1,0.4986,2453.38,1788033300,1
1788034080,1788034080,1,0.4949,2455.54,1788033900,0
1788034740,1788034680,1,0.5354,2458.04,1788034500,1
1788034980,1788034980,-1,0.5337,2455.41,1788034800,0
1788035400,1788035400,-1,0.5202,2453.2,1788035400,0
1788037320,1788037260,-1,0.5396,2450.02,1788037200,0
1788037500,1788037440,-1,0.5966,2448.97,1788037500,1
1788037680,1788037620,1,0.5138,2453.79,1788037500,1
1788038820,1788038760,-1,0.486,2450.31,1788038700,0
1788039180,1788039180,1,0.4972,2451.21,1788039000,1
1788040920,1788040860,-1,0.5146,2450.08,1788040800,1
1788041280,1788041280,1,0.4974,2452.63,1788041100,0
1788041940,1788041940,-1,0.4956,2450,1788041700,1
1788043680,1788043680,1,0.484,2452.27,1788043500,1
1788044040,1788044040,-1,0.4948,2451.85,1788043800,1
1788044580,1788044580,1,0.5016,2454.02,1788044400,0
1788044820,1788044820,1,0.5151,2455.98,1788044700,0
1788045780,1788045720,-1,0.4852,2454.01,1788045600,0
1788045960,1788045900,-1,0.5265,2452.88,1788045900,1
1788046200,1788046140,1,0.5919,2455.52,1788046200,1
1788046680,1788046680,1,0.5391,2455.89,1788046500,0
1788046920,1788046860,1,0.5066,2457.6,1788046800,1
1788047340,1788047340,1,0.5242,2459.72,1788047100,0
