made_ts,for_ts,k,side,typ,p,level,model,hit
1788308460,1788308400,3,1,0,0.8709,2421.12,1787788800,1
1788308340,1788308400,3,1,1,0.5636,2420.98,1787788800,1
1788308460,1788308400,5,1,0,0.7468,2421.12,1787788800,1
1788308460,1788308400,8,1,0,0.6379,2421.12,1788134400,1
1788308340,1788308400,8,1,1,0.3937,2420.98,1788134400,1
1788308460,1788308400,13,1,0,0.5448,2421.12,1788134400,1
1788308520,1788308580,3,-1,1,0.5659,2416.7,1787788800,1
1788308520,1788308580,5,-1,1,0.4757,2416.7,1787788800,0
1788309120,1788309060,3,-1,0,0.8532,2408.96,1787788800,1
1788309120,1788309060,5,-1,0,0.7812,2408.96,1787788800,1
1788309120,1788309060,8,-1,0,0.7056,2408.96,1788134400,0
1788309120,1788309060,13,-1,0,0.5493,2408.96,1788134400,0
1788309540,1788309600,8,-1,1,0.397,2408.06,1788134400,1
1788309540,1788309600,13,-1,1,0.2901,2408.06,1788134400,1
1788309780,1788309720,3,-1,0,0.8432,2404.6,1787788800,1
1788309660,1788309720,3,-1,1,0.614,2406.32,1787788800,1
1788309660,1788309720,5,-1,1,0.544,2406.32,1787788800,1
1788309780,1788309720,8,-1,0,0.6192,2404.6,1788134400,1
1788309780,1788309720,13,-1,0,0.4968,2404.6,1788134400,1
1788310620,1788310680,13,1,1,0.2731,2410.41,1788134400,0
1788311400,1788311340,3,-1,0,0.8675,2405.49,1787788800,1
1788311400,1788311340,5,-1,0,0.7464,2405.49,1787788800,1
1788311400,1788311340,8,-1,0,0.642,2405.49,1788134400,1
1788311400,1788311340,13,-1,0,0.5945,2405.49,1788134400,1
1788311460,1788311520,3,1,1,0.5802,2410.63,1787788800,1
1788311460,1788311520,13,1,1,0.2706,2410.63,1788134400,0
1788312300,1788312240,3,-1,0,0.8665,2410.35,1787788800,0
1788312300,1788312360,13,1,1,0.2893,2413.81,1788134400,0
1788312600,1788312660,3,-1,1,0.5678,2407.74,1787788800,1
1788312600,1788312660,5,-1,1,0.5119,2407.74,1787788800,0
1788312600,1788312660,8,-1,1,0.3952,2407.74,1788134400,0
1788312600,1788312660,13,-1,1,0.2994,2407.74,1788134400,0
1788312900,1788312960,13,-1,1,0.2956,2405.23,1788134400,0
1788313320,1788313260,3,-1,0,0.8631,2387.88,1787788800,1
1788313200,1788313260,3,-1,1,0.5599,2399.7,1787788800,1
1788313320,1788313260,5,-1,0,0.8085,2387.88,1787788800,1
1788313200,1788313260,5,-1,1,0.4761,2399.7,1787788800,1
1788313320,1788313260,8,-1,0,0.7004,2387.88,1788134400,1
1788313200,1788313260,8,-1,1,0.3789,2399.7,1788134400,1
1788313320,1788313260,13,-1,0,0.4885,2387.88,1788134400,0
1788313200,1788313260,13,-1,1,0.2764,2399.7,1788134400,0
1788313920,1788313980,8,-1,1,0.3813,2386.26,1788134400,0
1788313920,1788313980,13,-1,1,0.2977,2386.26,1788134400,0
1788314160,1788314220,3,1,1,0.5786,2395.09,1787788800,0
1788314820,1788314760,3,-1,0,0.8664,2393.47,1787788800,1
1788314820,1788314760,5,-1,0,0.7948,2393.47,1787788800,1
1788314940,1788314880,5,1,0,0.7278,2404.77,1787788800,1
1788314940,1788314880,13,1,0,0.4858,2404.77,1788134400,0
1788314820,1788314880,13,1,1,0.29,2400.95,1788134400,0
1788315180,1788315240,5,1,1,0.5206,2403.02,1787788800,0
1788315660,1788315720,8,1,1,0.3931,2405.85,1788134400,0
1788315660,1788315720,13,1,1,0.2872,2405.85,1788134400,0
1788316140,1788316200,13,1,1,0.3165,2409.13,1788134400,0
1788316680,1788316620,3,1,0,0.8596,2409.35,1787788800,1
1788316980,1788317040,5,-1,1,0.4808,2403.56,1787788800,1
1788317160,1788317220,3,1,1,0.5604,2406.36,1787788800,1
1788317160,1788317220,5,1,1,0.4822,2406.36,1787788800,0
1788317520,1788317580,3,1,1,0.5804,2406.69,1787788800,0
1788317520,1788317580,5,1,1,0.4953,2406.69,1787788800,0
1788317520,1788317580,8,1,1,0.4336,2406.69,1788134400,0
1788318120,1788318180,13,1,1,0.3048,2410.4,1788134400,0
1788318420,1788318480,13,1,1,0.3229,2410.7,1788134400,0
1788318780,1788318720,5,1,0,0.753,2419.26,1787788800,1
1788318780,1788318720,8,1,0,0.6677,2419.26,1788134400,1
1788318780,1788318720,13,1,0,0.5173,2419.26,1788134400,1
1788318660,1788318720,13,1,1,0.2702,2413.73,1788134400,1
1788319080,1788319020,3,-1,0,0.8744,2411.23,1787788800,1
1788319080,1788319140,3,1,1,0.5631,2415.9,1787788800,1
1788319560,1788319620,13,1,1,0.2883,2420.23,1788134400,1
1788320400,1788320340,3,-1,0,0.8803,2413.85,1787788800,1
1788320280,1788320340,3,1,1,0.562,2415.84,1787788800,1
1788320400,1788320340,5,-1,0,0.7654,2413.85,1787788800,0
1788320400,1788320340,8,-1,0,0.6628,2413.85,1788134400,0
1788320400,1788320460,5,1,1,0.4778,2418.2,1787788800,1
1788320400,1788320460,8,1,1,0.4157,2418.2,1788134400,1
1788321420,1788321480,8,-1,1,0.3901,2410.7,1788134400,0
1788321420,1788321480,13,-1,1,0.285,2410.7,1788134400,0
1788322080,1788322140,3,-1,1,0.5815,2410.52,1787788800,1
1788322080,1788322140,8,-1,1,0.3947,2410.52,1788134400,0
1788322080,1788322140,13,-1,1,0.3122,2410.52,1788134400,0
1788322320,1788322380,3,-1,1,0.562,2406.67,1787788800,0
1788322320,1788322380,8,-1,1,0.3864,2406.67,1788134400,0
1788322320,1788322380,13,-1,1,0.2898,2406.67,1788134400,0
1788322620,1788322560,3,1,0,0.8589,2408.5,1787788800,0
1788322620,1788322680,13,-1,1,0.2743,2404.67,1788134400,0
1788323520,1788323580,8,1,1,0.4253,2413,1788134400,0
1788323580,1788323640,13,1,1,0.2714,2414.08,1788134400,0
1788325320,1788325260,3,1,0,0.846,2415.16,1787788800,1
1788325320,1788325260,5,1,0,0.749,2415.16,1787788800,1
1788325320,1788325260,8,1,0,0.6715,2415.16,1788134400,1
1788325380,1788325440,13,-1,1,0.3066,2410.73,1788134400,0
1788325620,1788325680,3,-1,1,0.5733,2408.45,1787788800,1
1788326040,1788326100,3,1,1,0.5958,2413.76,1787788800,0
1788326040,1788326100,5,1,1,0.5026,2413.76,1787788800,0
1788326040,1788326100,8,1,1,0.4144,2413.76,1788134400,0
1788326340,1788326280,3,1,0,0.8609,2421.96,1787788800,1
1788326220,1788326280,3,1,1,0.6008,2419.71,1787788800,1
1788326340,1788326280,5,1,0,0.7977,2421.96,1787788800,1
1788326220,1788326280,5,1,1,0.5016,2419.71,1787788800,1
1788326340,1788326280,8,1,0,0.7431,2421.96,1788134400,1
1788326220,1788326280,8,1,1,0.4426,2419.71,1788134400,1
1788326340,1788326280,13,1,0,0.6314,2421.96,1788134400,0
1788326220,1788326280,13,1,1,0.3745,2419.71,1788134400,0
1788326940,1788327000,3,1,1,0.5638,2421.1,1787788800,1
1788326940,1788327000,5,1,1,0.4747,2421.1,1787788800,1
1788326940,1788327000,8,1,1,0.3996,2421.1,1788134400,1
1788328080,1788328140,3,1,1,0.5964,2422.78,1787788800,1
1788328080,1788328140,5,1,1,0.4813,2422.78,1787788800,1
1788328080,1788328140,8,1,1,0.3992,2422.78,1788134400,1
1788328080,1788328140,13,1,1,0.3249,2422.78,1788134400,1
1788329040,1788328980,3,1,0,0.8566,2423.59,1787788800,1
1788329040,1788328980,5,1,0,0.8011,2423.59,1787788800,1
1788329640,1788329580,3,1,0,0.8574,2421.59,1787788800,1
1788329640,1788329700,3,-1,1,0.5712,2417.94,1787788800,0
1788330360,1788330420,3,1,1,0.5646,2419.22,1787788800,1
1788331200,1788331260,3,1,1,0.572,2419.08,1787788800,0
1788331260,1788331320,13,1,1,0.2719,2422.14,1788134400,1
1788331500,1788331440,3,1,0,0.856,2424.1,1787788800,1
1788331500,1788331440,5,1,0,0.7297,2424.1,1787788800,1
1788331500,1788331440,13,1,0,0.5022,2424.1,1788134400,1
1788331980,1788332040,3,-1,1,0.5638,2418.01,1787788800,1
1788331980,1788332040,13,-1,1,0.3195,2418.01,1788134400,1
1788332460,1788332520,13,1,1,0.3145,2421.18,1788134400,0
1788333060,1788333120,13,1,1,0.3171,2422.85,1788134400,1
1788333300,1788333240,13,1,0,0.5201,2427.9,1788134400,1
1788334920,1788334980,3,1,1,0.5594,2423.28,1787788800,0
1788334920,1788334980,8,1,1,0.3876,2423.28,1788134400,0
1788334920,1788334980,13,1,1,0.2833,2423.28,1788134400,0
1788335100,1788335160,3,-1,1,0.5675,2420.28,1787788800,1
1788335220,1788335160,13,-1,0,0.4866,2419.48,1788134400,0
1788335940,1788336000,13,-1,1,0.2781,2416.47,1788134400,0
1788336120,1788336180,5,-1,1,0.4971,2415.36,1787788800,1
1788336120,1788336180,8,-1,1,0.3986,2415.36,1788134400,1
1788336120,1788336180,13,-1,1,0.3242,2415.36,1788134400,1
1788336300,1788336240,3,-1,0,0.8602,2413.54,1787788800,1
1788336180,1788336240,3,-1,1,0.5788,2414.13,1787788800,1
1788336300,1788336240,5,-1,0,0.7871,2413.54,1787788800,1
1788336300,1788336240,8,-1,0,0.7191,2413.54,1788134400,1
1788336300,1788336240,13,-1,0,0.5954,2413.54,1788134400,1
1788336420,1788336480,8,1,1,0.4014,2419.42,1788134400,1
1788336720,1788336780,3,-1,1,0.5808,2415.74,1787788800,1
1788336720,1788336780,8,-1,1,0.3832,2415.74,1788134400,0
1788337260,1788337320,3,-1,1,0.5741,2413.69,1787788800,1
1788337260,1788337320,13,-1,1,0.2862,2413.69,1788134400,0
1788337800,1788337740,3,1,0,0.8588,2415.2,1787788800,1
1788337920,1788337980,13,-1,1,0.2763,2409.4,1788134400,0
1788338220,1788338160,13,-1,0,0.5075,2403.23,1788134400,0
1788338340,1788338400,5,-1,1,0.5048,2402.94,1787788800,0
1788338340,1788338400,8,-1,1,0.4166,2402.94,1788134400,0
1788338340,1788338400,13,-1,1,0.3737,2402.94,1788134400,0
1788338580,1788338520,13,-1,0,0.4858,2395.16,1788134400,0
1788338520,1788338580,13,-1,1,0.2955,2401.91,1788134400,0
1788338760,1788338700,13,-1,0,0.5461,2392.5,1788134400,0
1788338700,1788338760,8,-1,1,0.4148,2394.77,1788134400,0
1788338700,1788338760,13,-1,1,0.3494,2394.77,1788134400,0
1788339000,1788338940,5,-1,0,0.7282,2389.03,1787788800,1
1788338880,1788338940,5,-1,1,0.5069,2391.55,1787788800,1
1788339000,1788338940,8,-1,0,0.6075,2389.03,1788134400,0
1788338880,1788338940,8,-1,1,0.4589,2391.55,1788134400,0
1788339000,1788338940,13,-1,0,0.4837,2389.03,1788134400,0
1788338880,1788338940,13,-1,1,0.3409,2391.55,1788134400,0
1788339360,1788339420,5,-1,1,0.4805,2388.95,1787788800,0
1788339360,1788339420,8,-1,1,0.3875,2388.95,1788134400,0
1788339360,1788339420,13,-1,1,0.2931,2388.95,1788134400,0
1788340440,1788340500,3,-1,1,0.5794,2395.35,1787788800,0
1788340440,1788340500,5,-1,1,0.5189,2395.35,1787788800,0
1788340440,1788340500,8,-1,1,0.4299,2395.35,1788134400,0
1788340680,1788340620,13,-1,0,0.5565,2387.72,1788134400,0
1788340560,1788340620,13,-1,1,0.3479,2390,1788134400,0
1788340740,1788340680,3,-1,0,0.8459,2387.72,1787788800,1
1788340620,1788340680,3,-1,1,0.5856,2389.28,1787788800,1
1788340740,1788340680,5,-1,0,0.7809,2387.72,1787788800,0
1788340620,1788340680,5,-1,1,0.518,2389.28,1787788800,0
1788340740,1788340680,8,-1,0,0.6688,2387.72,1788134400,0
1788340620,1788340680,8,-1,1,0.4415,2389.28,1788134400,0
1788341040,1788340980,8,-1,0,0.6243,2377.48,1788134400,0
1788341040,1788340980,13,-1,0,0.4946,2377.48,1788134400,0
1788340980,1788341040,13,-1,1,0.3088,2387.28,1788134400,0
1788341160,1788341100,3,-1,0,0.867,2376.72,1787788800,1
1788341160,1788341100,5,-1,0,0.7876,2376.72,1787788800,1
1788341460,1788341400,13,-1,0,0.4977,2374.9,1788134400,0
1788341460,1788341520,8,-1,1,0.4383,2377.72,1788134400,1
1788341460,1788341520,13,-1,1,0.4337,2377.72,1788134400,0
1788341640,1788341580,5,-1,0,0.7475,2367.92,1787788800,1
1788341520,1788341580,5,-1,1,0.4904,2372.3,1787788800,1
1788341640,1788341580,13,-1,0,0.5998,2367.92,1788134400,0
1788341700,1788341640,3,-1,0,0.8513,2367.92,1787788800,1
1788341700,1788341640,8,-1,0,0.6555,2367.92,1788134400,1
1788342180,1788342240,8,-1,1,0.3779,2369.06,1788134400,0
1788342180,1788342240,13,-1,1,0.2627,2369.06,1788134400,0
1788342480,1788342420,3,-1,0,0.8724,2365.41,1787788800,1
1788342480,1788342420,5,-1,0,0.8101,2365.41,1787788800,1
1788342480,1788342420,8,-1,0,0.6947,2365.41,1788134400,1
1788342360,1788342420,8,-1,1,0.4169,2367.2,1788134400,1
1788342480,1788342420,13,-1,0,0.5492,2365.41,1788134400,1
1788342360,1788342420,13,-1,1,0.3842,2367.2,1788134400,1
1788342540,1788342600,8,1,1,0.3851,2372.76,1788134400,0
1788343500,1788343560,8,-1,1,0.396,2370.96,1788134400,0
1788343500,1788343560,13,-1,1,0.3137,2370.96,1788134400,0
1788344340,1788344400,3,1,1,0.5677,2373.75,1787788800,1
1788345240,1788345180,5,-1,0,0.7431,2358.71,1787788800,1
1788345120,1788345180,5,-1,1,0.4812,2363.58,1787788800,1
1788345240,1788345180,13,-1,0,0.5155,2358.71,1788134400,1
1788345120,1788345180,13,-1,1,0.3106,2363.58,1788134400,1
1788345300,1788345240,8,-1,0,0.6023,2358.71,1788134400,1
1788346380,1788346320,3,-1,0,0.8641,2355.2,1787788800,1
1788346380,1788346320,5,-1,0,0.7986,2355.2,1787788800,1
1788346380,1788346320,8,-1,0,0.6879,2355.2,1788134400,1
1788346380,1788346320,13,-1,0,0.5492,2355.2,1788134400,1
1788346680,1788346740,5,1,1,0.5181,2369.19,1787788800,1
1788346680,1788346740,8,1,1,0.3865,2369.19,1788134400,1
1788346680,1788346740,13,1,1,0.2916,2369.19,1788134400,0
1788346920,1788346860,3,1,0,0.8484,2374.15,1787788800,1
1788346920,1788346860,5,1,0,0.7947,2374.15,1787788800,1
1788346920,1788346860,8,1,0,0.6984,2374.15,1788134400,1
1788346920,1788346860,13,1,0,0.5329,2374.15,1788134400,0
1788347280,1788347220,3,-1,0,0.8447,2366.03,1787788800,1
1788347340,1788347400,3,1,1,0.5676,2372.5,1787788800,1
1788347340,1788347400,8,1,1,0.3979,2372.5,1788134400,0
1788347880,1788347820,3,1,0,0.8604,2376.36,1787788800,1
1788347880,1788347820,13,1,0,0.5093,2376.36,1788134400,1
1788347940,1788348000,3,-1,1,0.5667,2370.85,1787788800,0
1788347940,1788348000,8,-1,1,0.4162,2370.85,1788134400,0
1788348480,1788348420,3,-1,0,0.8665,2367.88,1787788800,1
1788348480,1788348420,5,-1,0,0.7626,2367.88,1787788800,1
1788348480,1788348420,8,-1,0,0.6682,2367.88,1788134400,1
1788348480,1788348420,13,-1,0,0.4989,2367.88,1788134400,1
1788348840,1788348900,3,1,1,0.566,2376.27,1787788800,0
1788348900,1788348960,8,1,1,0.3931,2378.04,1788134400,0
1788348900,1788348960,13,1,1,0.2977,2378.04,1788134400,0
1788349260,1788349200,3,1,0,0.8626,2381.79,1787788800,1
1788349260,1788349200,5,1,0,0.7399,2381.79,1787788800,1
1788349260,1788349200,8,1,0,0.6371,2381.79,1788134400,1
1788349260,1788349200,13,1,0,0.5441,2381.79,1788134400,1
1788350160,1788350220,3,1,1,0.5978,2378.8,1787788800,0
1788350160,1788350220,8,1,1,0.4099,2378.8,1788134400,0
1788350160,1788350220,13,1,1,0.2774,2378.8,1788134400,0
1788350460,1788350400,3,1,0,0.8437,2381.15,1787788800,1
1788350460,1788350400,8,1,0,0.6173,2381.15,1788134400,1
1788351360,1788351420,8,1,1,0.3842,2383.3,1788134400,0
1788351480,1788351540,3,1,1,0.5689,2384.93,1787788800,0
1788351480,1788351540,5,1,1,0.497,2384.93,1787788800,0
1788351600,1788351540,8,1,0,0.6023,2386.43,1788134400,0
1788351600,1788351540,13,1,0,0.5293,2386.43,1788134400,0
1788351480,1788351540,13,1,1,0.319,2384.93,1788134400,0
1788351660,1788351720,3,1,1,0.6441,2387.04,1787788800,1
1788351660,1788351720,5,1,1,0.5258,2387.04,1787788800,1
1788351660,1788351720,8,1,1,0.4804,2387.04,1788134400,1
1788351660,1788351720,13,1,1,0.3665,2387.04,1788134400,1
1788351840,1788351780,8,1,0,0.6138,2388.96,1788134400,1
1788351840,1788351780,13,1,0,0.5279,2388.96,1788134400,1
1788352320,1788352380,3,-1,1,0.5743,2384.52,1787788800,0
1788352320,1788352380,5,-1,1,0.5169,2384.52,1787788800,0
1788352320,1788352380,8,-1,1,0.3921,2384.52,1788134400,0
1788352620,1788352680,3,-1,1,0.5908,2381.5,1787788800,1
1788352620,1788352680,5,-1,1,0.5065,2381.5,1787788800,1
1788354120,1788354180,3,1,1,0.5921,2380.86,1787788800,0
1788354120,1788354180,5,1,1,0.4789,2380.86,1787788800,0
1788354120,1788354180,13,1,1,0.3216,2380.86,1788134400,0
1788354360,1788354420,3,1,1,0.6092,2384.39,1787788800,1
1788354360,1788354420,5,1,1,0.4937,2384.39,1787788800,1
1788354360,1788354420,8,1,1,0.4069,2384.39,1788134400,1
1788354360,1788354420,13,1,1,0.3143,2384.39,1788134400,0
1788355080,1788355140,3,1,1,0.5652,2383.4,1787788800,1
1788355140,1788355200,8,1,1,0.389,2384.8,1788134400,0
1788355140,1788355200,13,1,1,0.2974,2384.8,1788134400,0
1788355320,1788355260,13,1,0,0.4851,2385.99,1788134400,0
1788355500,1788355560,3,1,1,0.5804,2385.88,1787788800,1
1788355620,1788355680,5,1,1,0.4972,2387.83,1787788800,1
1788355620,1788355680,8,1,1,0.4193,2387.83,1788134400,1
1788355620,1788355680,13,1,1,0.3193,2387.83,1788134400,1
1788356400,1788356340,3,-1,0,0.8518,2378.58,1787788800,1
1788356400,1788356340,5,-1,0,0.7337,2378.58,1787788800,1
1788356400,1788356340,8,-1,0,0.634,2378.58,1788134400,1
1788356280,1788356340,13,-1,1,0.2853,2379.28,1788134400,1
1788356520,1788356580,5,1,1,0.4882,2387.53,1787788800,0
1788356520,1788356580,8,1,1,0.4401,2387.53,1788134400,0
1788356520,1788356580,13,1,1,0.3168,2387.53,1788134400,0
1788356640,1788356700,3,1,1,0.6184,2402.56,1787788800,1
1788356820,1788356760,5,1,0,0.7672,2418.18,1787788800,1
1788356700,1788356760,5,1,1,0.558,2415.65,1787788800,1
1788356820,1788356760,8,1,0,0.6302,2418.18,1788134400,1
1788356700,1788356760,8,1,1,0.475,2415.65,1788134400,1
1788356820,1788356760,13,1,0,0.5783,2418.18,1788134400,1
1788356700,1788356760,13,1,1,0.4233,2415.65,1788134400,1
1788356880,1788356820,3,1,0,0.8588,2418.18,1787788800,1
1788357480,1788357540,13,-1,1,0.3089,2396.31,1788134400,0
1788357600,1788357660,3,1,1,0.5638,2401.72,1787788800,1
1788357840,1788357780,3,1,0,0.8507,2402.96,1787788800,1
1788357780,1788357840,3,1,1,0.5834,2402.96,1787788800,0
1788357780,1788357840,8,1,1,0.4743,2402.96,1788134400,0
1788357960,1788357900,3,-1,0,0.8675,2393.9,1787788800,1
1788357960,1788357900,5,-1,0,0.754,2393.9,1787788800,1
1788357960,1788357900,8,-1,0,0.6437,2393.9,1788134400,1
1788358020,1788358080,8,1,1,0.4067,2403.2,1788134400,1
1788358140,1788358200,13,1,1,0.3554,2406.25,1788134400,0
1788359040,1788358980,3,1,0,0.8537,2409.98,1787788800,1
1788359040,1788358980,5,1,0,0.7462,2409.98,1787788800,1
1788358920,1788358980,5,1,1,0.4758,2408.3,1787788800,1
1788359040,1788358980,8,1,0,0.6331,2409.98,1788134400,1
1788358920,1788358980,8,1,1,0.4347,2408.3,1788134400,1
1788359040,1788358980,13,1,0,0.5115,2409.98,1788134400,1
1788358920,1788358980,13,1,1,0.3103,2408.3,1788134400,1
1788359700,1788359640,8,-1,0,0.6073,2391.6,1788134400,1
1788360240,1788360300,3,1,1,0.581,2400.8,1787788800,1
1788360240,1788360300,5,1,1,0.4989,2400.8,1787788800,1
1788360240,1788360300,8,1,1,0.4126,2400.8,1788134400,1
1788360840,1788360900,3,-1,1,0.5714,2394.47,1787788800,0
1788360840,1788360900,5,-1,1,0.4796,2394.47,1787788800,0
1788360840,1788360900,13,-1,1,0.2869,2394.47,1788134400,0
1788361260,1788361320,13,-1,1,0.2874,2385.66,1788134400,0
1788361440,1788361500,3,1,1,0.5668,2396.17,1787788800,0
1788361680,1788361740,5,-1,1,0.4803,2387.69,1787788800,0
1788361740,1788361800,13,-1,1,0.2944,2383.87,1788134400,0
1788361860,1788361920,8,-1,1,0.3827,2380.67,1788134400,1
1788361980,1788362040,3,-1,1,0.565,2378.33,1787788800,1
1788361980,1788362040,5,-1,1,0.4894,2378.33,1787788800,1
1788362100,1788362040,13,-1,0,0.5151,2377.94,1788134400,1
1788361980,1788362040,13,-1,1,0.3157,2378.33,1788134400,1
1788362460,1788362400,5,1,0,0.7309,2392.39,1787788800,1
1788363180,1788363120,3,-1,0,0.8461,2383.62,1787788800,1
1788363240,1788363300,3,1,1,0.5731,2392.23,1787788800,1
1788363240,1788363300,5,1,1,0.4871,2392.23,1787788800,1
1788363240,1788363300,8,1,1,0.3836,2392.23,1788134400,0
1788363780,1788363720,3,-1,0,0.8584,2386.68,1787788800,1
1788363660,1788363720,3,-1,1,0.5954,2387.12,1787788800,1
1788363660,1788363720,8,-1,1,0.4145,2387.12,1788134400,0
1788365460,1788365520,3,1,1,0.5758,2393.46,1787788800,1
1788365460,1788365520,8,1,1,0.3928,2393.46,1788134400,0
1788365460,1788365520,13,1,1,0.338,2393.46,1788134400,0
1788365940,1788366000,3,1,1,0.5982,2396.83,1787788800,0
1788365940,1788366000,5,1,1,0.4822,2396.83,1787788800,0
1788365940,1788366000,8,1,1,0.4012,2396.83,1788134400,0
1788365940,1788366000,13,1,1,0.3151,2396.83,1788134400,0
1788367320,1788367380,3,-1,1,0.5836,2390.72,1787788800,0
1788367320,1788367380,5,-1,1,0.483,2390.72,1787788800,0
1788367320,1788367380,8,-1,1,0.3844,2390.72,1788134400,0
1788367320,1788367380,13,-1,1,0.2899,2390.72,1788134400,0
1788367500,1788367560,3,-1,1,0.6057,2387.01,1787788800,1
1788367500,1788367560,5,-1,1,0.5022,2387.01,1787788800,1
1788367500,1788367560,8,-1,1,0.3983,2387.01,1788134400,1
1788367500,1788367560,13,-1,1,0.2961,2387.01,1788134400,0
1788368160,1788368220,3,-1,1,0.5759,2385.6,1787788800,0
1788368160,1788368220,8,-1,1,0.4024,2385.6,1788134400,0
1788368160,1788368220,13,-1,1,0.2933,2385.6,1788134400,0
1788369480,1788369540,3,-1,1,0.6163,2375.2,1787788800,0
1788369480,1788369540,8,-1,1,0.38,2375.2,1788134400,0
1788369660,1788369720,8,-1,1,0.4029,2372.91,1788134400,1
1788369780,1788369720,13,-1,0,0.5177,2371.4,1788134400,1
1788369660,1788369720,13,-1,1,0.3374,2372.91,1788134400,1
1788370200,1788370260,3,1,1,0.5678,2378.6,1787788800,0
1788370440,1788370500,3,1,1,0.5623,2382,1787788800,1
1788371040,1788371100,3,1,1,0.5633,2385.36,1787788800,0
1788371040,1788371100,8,1,1,0.3871,2385.36,1788134400,0
1788371040,1788371100,13,1,1,0.2967,2385.36,1788134400,0
1788372180,1788372240,3,1,1,0.5633,2393.59,1787788800,1
1788372180,1788372240,5,1,1,0.481,2393.59,1787788800,1
1788372600,1788372660,8,1,1,0.4273,2395.38,1788134400,0
1788372720,1788372660,13,1,0,0.4981,2396,1788134400,0
1788372600,1788372660,13,1,1,0.3732,2395.38,1788134400,0
1788373020,1788372960,8,1,0,0.6236,2397.2,1788134400,0
1788373020,1788372960,13,1,0,0.5612,2397.2,1788134400,0
1788373200,1788373140,3,1,0,0.852,2399.47,1787788800,1
1788373200,1788373140,5,1,0,0.7765,2399.47,1787788800,1
1788373200,1788373140,8,1,0,0.6902,2399.47,1788134400,1
1788373200,1788373140,13,1,0,0.5991,2399.47,1788134400,1
1788374100,1788374040,3,1,0,0.8617,2397.05,1787788800,1
1788374940,1788374880,3,-1,0,0.867,2389.47,1787788800,1
1788374940,1788374880,5,-1,0,0.8052,2389.47,1787788800,1
1788374940,1788374880,8,-1,0,0.7217,2389.47,1788134400,1
1788374940,1788374880,13,-1,0,0.6168,2389.47,1788134400,1
1788374940,1788375000,3,1,1,0.579,2393.74,1787788800,1
1788374940,1788375000,5,1,1,0.4959,2393.74,1787788800,1
1788376320,1788376260,3,1,0,0.8724,2396,1787788800,1
1788376320,1788376260,5,1,0,0.7377,2396,1787788800,0
1788376620,1788376560,13,1,0,0.5292,2396.38,1788134400,1
1788376860,1788376920,8,-1,1,0.421,2390.3,1788134400,0
1788376860,1788376920,13,-1,1,0.3169,2390.3,1788134400,0
1788377160,1788377220,3,-1,1,0.5618,2389.42,1787788800,0
1788377160,1788377220,8,-1,1,0.403,2389.42,1788134400,0
1788377160,1788377220,13,-1,1,0.3004,2389.42,1788134400,0
1788377400,1788377460,3,-1,1,0.6096,2385.77,1787788800,1
1788377400,1788377460,5,-1,1,0.5378,2385.77,1787788800,0
1788377400,1788377460,8,-1,1,0.4545,2385.77,1788134400,0
1788377400,1788377460,13,-1,1,0.3622,2385.77,1788134400,0
1788377700,1788377760,3,-1,1,0.5611,2383.29,1787788800,1
1788378240,1788378300,8,1,1,0.4167,2387.16,1788134400,0
1788378420,1788378480,3,1,1,0.5661,2387.57,1787788800,1
1788378420,1788378480,8,1,1,0.4003,2387.57,1788134400,0
1788378840,1788378780,3,1,0,0.8651,2388.69,1787788800,1
1788378840,1788378780,5,1,0,0.7341,2388.69,1787788800,1
1788378840,1788378780,8,1,0,0.6327,2388.69,1788134400,0
1788379380,1788379440,13,1,1,0.3097,2393.67,1788134400,0
1788379680,1788379620,5,1,0,0.7255,2399.1,1787788800,1
1788379620,1788379680,3,1,1,0.6024,2399,1787788800,0
1788379620,1788379680,5,1,1,0.5212,2399,1787788800,0
1788379620,1788379680,8,1,1,0.4513,2399,1788134400,0
1788379620,1788379680,13,1,1,0.3547,2399,1788134400,0
1788379920,1788379980,3,-1,1,0.5619,2393.21,1787788800,0
1788380160,1788380220,3,-1,1,0.5833,2389.21,1787788800,1
1788380160,1788380220,5,-1,1,0.5126,2389.21,1787788800,1
1788380160,1788380220,8,-1,1,0.4182,2389.21,1788134400,1
1788380160,1788380220,13,-1,1,0.3415,2389.21,1788134400,1
1788380580,1788380640,8,1,1,0.4166,2392.97,1788134400,1
1788380760,1788380700,8,1,0,0.6318,2396.2,1788134400,1
1788381180,1788381120,3,-1,0,0.8723,2390.16,1787788800,1
1788381180,1788381120,5,-1,0,0.7357,2390.16,1787788800,1
1788381180,1788381240,3,1,1,0.5633,2393.79,1787788800,1
1788381360,1788381420,3,1,1,0.5686,2395.32,1787788800,0
1788381360,1788381420,5,1,1,0.4774,2395.32,1787788800,0
1788381360,1788381420,8,1,1,0.4052,2395.32,1788134400,0
1788381960,1788382020,3,-1,1,0.56,2388.62,1787788800,1
1788382080,1788382020,5,-1,0,0.7334,2387.97,1787788800,1
1788381960,1788382020,5,-1,1,0.4934,2388.62,1787788800,1
1788382080,1788382020,8,-1,0,0.6249,2387.97,1788134400,1
1788381960,1788382020,8,-1,1,0.4051,2388.62,1788134400,1
1788382080,1788382020,13,-1,0,0.489,2387.97,1788134400,1
1788381960,1788382020,13,-1,1,0.3066,2388.62,1788134400,1
1788382140,1788382200,3,1,1,0.5845,2392.34,1787788800,0
1788382140,1788382200,8,1,1,0.4216,2392.34,1788134400,0
1788382380,1788382440,3,1,1,0.5791,2393.39,1787788800,1
1788382380,1788382440,5,1,1,0.4927,2393.39,1787788800,1
1788382380,1788382440,8,1,1,0.4175,2393.39,1788134400,1
1788383340,1788383280,3,-1,0,0.8614,2390.05,1787788800,1
1788383340,1788383280,5,-1,0,0.751,2390.05,1787788800,1
1788383340,1788383280,8,-1,0,0.654,2390.05,1788134400,1
1788383520,1788383580,3,1,1,0.5642,2393.08,1787788800,1
1788383700,1788383640,3,1,0,0.8511,2394.02,1787788800,1
1788383700,1788383640,8,1,0,0.6117,2394.02,1788134400,1
1788384300,1788384360,8,1,1,0.3978,2392.46,1788134400,0
1788384720,1788384780,8,-1,1,0.3926,2389.36,1788134400,0
1788384720,1788384780,13,-1,1,0.3359,2389.36,1788134400,0
1788385020,1788384960,3,-1,0,0.8461,2388.4,1787788800,1
1788385020,1788384960,13,-1,0,0.5078,2388.4,1788134400,1
1788385260,1788385320,8,1,1,0.3823,2393.81,1788134400,0
1788385260,1788385320,13,1,1,0.2978,2393.81,1788134400,0
1788385560,1788385500,3,1,0,0.8477,2394.28,1787788800,1
1788385560,1788385500,5,1,0,0.773,2394.28,1787788800,1
1788385560,1788385500,8,1,0,0.6835,2394.28,1788134400,1
1788385560,1788385500,13,1,0,0.612,2394.28,1788134400,1
1788385680,1788385740,8,-1,1,0.4237,2390.47,1788134400,0
1788385800,1788385860,3,-1,1,0.564,2389.61,1787788800,1
1788385800,1788385860,5,-1,1,0.5062,2389.61,1787788800,1
1788386040,1788385980,5,-1,0,0.7931,2387.58,1787788800,1
1788386040,1788385980,8,-1,0,0.688,2387.58,1788134400,0
1788386040,1788385980,13,-1,0,0.5583,2387.58,1788134400,0
1788386700,1788386760,3,-1,1,0.5766,2386.05,1787788800,0
1788386700,1788386760,5,-1,1,0.4914,2386.05,1787788800,0
1788386700,1788386760,8,-1,1,0.4166,2386.05,1788134400,0
1788386700,1788386760,13,-1,1,0.2974,2386.05,1788134400,0
1788387120,1788387060,3,-1,0,0.8697,2381.04,1787788800,1
1788387120,1788387060,5,-1,0,0.8057,2381.04,1787788800,1
1788387120,1788387060,8,-1,0,0.6837,2381.04,1788134400,1
1788387120,1788387060,13,-1,0,0.5897,2381.04,1788134400,0
1788388080,1788388140,3,-1,1,0.5988,2379.15,1787788800,1
1788388080,1788388140,5,-1,1,0.4964,2379.15,1787788800,1
1788388080,1788388140,8,-1,1,0.4343,2379.15,1788134400,1
1788388080,1788388140,13,-1,1,0.3742,2379.15,1788134400,1
1788388860,1788388920,3,1,1,0.5846,2384.47,1787788800,0
1788389220,1788389160,3,-1,0,0.8557,2380.41,1787788800,0
1788389340,1788389400,8,-1,1,0.3929,2379.86,1788134400,0
1788389580,1788389640,3,-1,1,0.5831,2379.38,1787788800,0
1788389580,1788389640,5,-1,1,0.486,2379.38,1787788800,0
1788389640,1788389700,8,-1,1,0.4005,2378.8,1788134400,0
1788390240,1788390180,3,-1,0,0.848,2376.63,1787788800,1
1788390240,1788390180,5,-1,0,0.8266,2376.63,1787788800,1
1788390240,1788390180,8,-1,0,0.7434,2376.63,1788134400,1
1788390240,1788390180,13,-1,0,0.6662,2376.63,1788134400,1
1788390420,1788390480,8,1,1,0.3924,2384.87,1788134400,0
1788390420,1788390480,13,1,1,0.3355,2384.87,1788134400,0
1788390720,1788390780,8,1,1,0.3837,2385.89,1788134400,1
1788390900,1788390960,3,1,1,0.6044,2386.15,1787788800,1
1788390900,1788390960,5,1,1,0.5051,2386.15,1787788800,1
1788390900,1788390960,8,1,1,0.4361,2386.15,1788134400,1
1788390900,1788390960,13,1,1,0.299,2386.15,1788134400,1
1788391620,1788391560,3,-1,0,0.8572,2382.28,1787788800,1
1788391680,1788391740,3,1,1,0.5786,2384.93,1787788800,0
1788391680,1788391740,8,1,1,0.4064,2384.93,1788134400,0
1788391980,1788391920,3,1,0,0.8714,2387.75,1787788800,1
1788391980,1788391920,5,1,0,0.8002,2387.75,1787788800,1
1788391980,1788391920,8,1,0,0.7308,2387.75,1788134400,1
1788391980,1788391920,13,1,0,0.6125,2387.75,1788134400,1
1788392760,1788392820,8,1,1,0.3979,2384.9,1788134400,0
1788392940,1788393000,3,1,1,0.6004,2386.61,1787788800,0
1788392940,1788393000,5,1,1,0.4772,2386.61,1787788800,0
1788392940,1788393000,8,1,1,0.4114,2386.61,1788134400,0
1788392940,1788393000,13,1,1,0.2986,2386.61,1788134400,0
1788393240,1788393180,13,1,0,0.5071,2391.32,1788134400,0
